sofifa_id,overall,potential,weak_foot,skill_moves,international_reputation,pace,shooting,passing,dribbling,defending,physic,attacking_crossing,attacking_heading_accuracy,skill_curve,skill_fk_accuracy,movement_agility,movement_reactions,movement_balance,power_shot_power,power_jumping,power_stamina,mentality_aggression,mentality_positioning,mentality_penalties,mentality_composure
213296,73,74,2,4,2,57,70,73,78,62,72,62,77,62,73,68,70,82,82,62,74,64,78,73,65
258457,59,76,3,2,1,50,31,43,44,61,58,26,56,28,42,51,47,41,64,53,59,57,35,49,59
241007,68,77,3,2,1,72,35,55,63,65,70,28,62,31,53,55,63,45,74,70,73,63,45,51,62
184873,75,75,2,2,2,40,42,58,50,75,86,40,68,58,65,70,57,45,77,78,93,72,52,70,75
184190,76,76,3,2,2,35,33,54,48,78,73,22,69,34,68,71,46,64,69,48,85,76,37,73,78
189946,74,74,3,2,1,45,47,70,73,75,72,41,76,44,74,75,77,60,82,81,67,76,62,75,76
244114,68,79,2,2,1,63,41,60,54,68,75,37,71,42,60,59,51,51,70,60,87,64,53,59,68
236454,73,78,2,3,1,86,43,62,71,67,69,33,69,35,58,66,84,60,71,75,68,67,51,64,66
199313,71,71,3,2,1,75,40,63,64,68,70,28,67,49,64,66,65,50,76,73,69,68,58,59,66
261616,64,79,2,3,1,66,53,66,69,57,55,48,70,48,65,52,80,66,68,65,48,51,60,48,54
263448,61,76,4,2,1,73,59,60,67,32,32,59,63,59,62,41,72,62,42,26,31,22,56,64,26
263442,60,70,2,2,1,58,30,46,39,58,65,26,59,29,46,43,48,42,65,46,76,51,26,40,53
256728,59,69,3,2,1,61,50,55,66,36,49,46,58,45,53,58,58,62,60,41,53,20,59,57,43
201938,67,67,5,3,1,81,65,66,70,49,54,61,68,69,59,67,82,73,77,34,58,48,55,69,58
226414,71,73,3,3,2,84,66,68,70,47,59,64,74,46,64,69,69,72,64,53,65,50,66,67,29
212886,73,74,3,4,2,72,70,74,74,71,73,67,75,74,73,70,74,76,80,68,76,71,75,76,71
250790,64,76,3,3,1,76,59,53,68,22,61,61,58,38,44,59,76,57,68,64,64,19,55,60,13
233265,73,76,3,3,1,72,71,72,73,34,65,70,74,72,66,72,65,73,78,73,69,26,72,74,37
235161,72,78,3,3,1,76,71,63,73,28,58,73,73,54,56,72,71,70,56,62,65,14,64,74,33
257612,67,78,3,3,1,72,64,49,65,26,65,67,57,41,45,64,57,64,79,64,71,22,47,65,18
204077,74,75,4,3,2,72,77,67,73,31,67,75,68,66,58,68,63,87,71,50,82,30,71,74,30
236245,75,78,4,4,1,90,72,65,75,31,74,76,65,57,58,74,64,72,80,75,72,33,73,73,27
212260,76,76,4,3,2,75,79,65,74,42,71,78,67,63,57,74,64,82,74,75,73,44,66,73,33
224949,73,78,2,4,1,83,63,64,80,43,52,70,69,49,58,66,77,72,40,66,54,42,56,68,50
250789,63,75,3,3,1,77,51,56,68,30,56,52,60,47,47,56,68,51,48,61,64,35,61,59,27
134779,72,72,3,3,2,58,72,71,71,46,68,72,75,65,67,75,66,72,75,52,74,42,72,75,42
222715,74,76,3,3,2,55,55,66,72,73,74,48,74,49,69,73,78,66,75,77,72,76,65,74,74
255934,72,79,3,2,1,60,65,68,69,66,79,61,75,50,72,72,53,77,62,73,86,69,73,74,64
254659,69,75,3,3,1,62,61,67,72,60,63,59,72,49,67,68,57,64,65,59,63,60,68,67,58
261306,69,78,3,2,1,67,53,61,65,66,67,49,67,42,66,66,82,61,59,90,53,68,64,66,64
260158,68,78,3,2,1,67,47,67,67,65,60,41,72,44,69,66,80,58,64,73,50,66,69,65,64
243627,76,82,3,3,1,65,70,76,75,66,66,66,78,74,78,75,57,77,62,70,65,69,78,76,66
262082,62,74,3,3,1,76,54,54,69,21,45,57,59,49,35,55,77,53,63,52,43,19,53,59,17
241496,74,81,3,3,2,87,71,67,76,45,61,62,67,64,53,87,74,71,70,69,60,52,76,60,70
239763,71,80,2,3,1,81,64,64,76,25,56,66,68,49,57,57,82,61,71,67,59,20,69,61,32
257112,63,71,5,3,1,80,59,52,71,24,37,60,58,43,39,53,79,59,43,51,28,26,54,59,18
124375,80,80,4,3,2,79,83,69,73,34,79,83,70,78,61,87,47,88,68,71,81,33,70,83,29
264325,67,78,3,2,1,67,66,53,66,29,65,70,62,53,43,64,55,61,74,61,72,18,55,62,27
227232,75,75,3,3,1,76,72,69,71,43,80,74,72,63,65,76,53,74,88,87,78,38,71,75,34
224883,74,75,3,2,2,64,73,63,68,45,80,74,68,54,59,69,52,76,92,70,84,42,64,70,39
195096,78,78,3,3,1,59,75,75,75,73,80,71,77,72,79,81,52,83,52,87,79,75,75,82,71
257111,71,77,2,3,1,73,69,65,69,49,74,72,69,48,56,68,57,75,68,73,78,51,68,63,44
220876,77,79,3,4,2,83,75,71,76,47,62,74,72,60,65,72,68,77,81,81,56,43,72,75,51
231612,74,77,3,3,1,77,68,72,77,39,65,66,72,66,67,72,83,73,76,69,62,31,75,71,31
259088,67,73,2,2,1,51,30,37,50,66,73,23,46,33,35,63,40,48,70,59,82,64,29,66,63
257270,70,81,3,3,1,85,49,63,70,64,61,48,67,41,59,66,64,58,64,63,61,62,63,68,63
247124,71,77,2,3,1,75,56,64,71,65,65,53,68,49,61,68,77,65,73,71,57,64,54,63,60
235888,73,77,3,3,1,73,74,67,72,26,63,75,74,58,58,69,63,78,80,70,71,24,72,67,27
196801,72,72,3,2,2,39,48,57,63,73,70,44,72,38,55,67,64,49,76,52,76,72,54,70,72
240020,70,77,3,2,1,69,46,61,68,67,71,44,66,38,58,68,69,46,72,82,66,65,56,68,66
165229,76,76,3,2,3,51,43,63,65,77,70,37,75,49,72,76,60,54,82,48,77,78,56,74,78
240434,66,71,3,3,1,60,66,56,64,31,61,68,63,42,48,64,58,67,68,58,64,28,51,66,27
198731,71,71,4,4,1,83,64,62,72,39,67,67,63,64,50,70,63,60,59,77,65,43,67,70,42
230074,72,75,2,2,1,63,37,63,68,71,71,32,69,31,66,68,63,43,66,70,74,72,56,68,68
216730,72,76,2,2,1,74,44,50,46,70,82,38,58,38,52,68,46,51,83,72,87,69,51,67,68
244915,77,85,3,2,1,67,36,51,55,78,79,30,73,32,58,68,49,60,70,67,87,79,24,58,77
236621,70,71,3,3,1,57,71,57,67,28,62,74,64,46,51,69,70,72,88,66,70,24,57,64,22
254579,71,79,3,3,1,78,65,67,73,37,56,61,70,57,61,60,78,71,57,64,55,33,68,66,31
228908,74,74,4,4,1,69,69,76,75,51,65,66,76,78,75,74,74,71,86,74,56,57,75,76,42
212613,73,75,3,3,1,76,73,67,76,29,58,75,71,52,65,75,85,74,63,63,60,23,69,73,28
251191,71,72,4,3,1,86,69,64,73,28,51,70,62,54,48,67,72,74,52,61,47,23,70,66,28
241821,75,80,2,3,1,73,76,60,73,26,63,78,64,51,46,75,55,78,59,62,74,23,66,75,24
211239,70,72,3,3,1,75,70,68,74,31,58,69,70,59,64,71,86,72,33,62,61,32,68,69,33
244753,67,72,3,3,1,92,62,53,73,32,44,66,55,49,49,62,91,60,55,60,33,29,55,66,32
253444,75,83,3,3,1,82,74,57,76,29,67,76,63,55,46,73,86,74,59,60,73,23,61,75,32
241130,73,79,3,3,1,82,73,59,75,34,68,75,66,56,54,67,79,79,68,69,76,45,48,70,39
259139,70,80,3,3,1,71,62,64,77,33,43,65,67,49,62,65,85,56,45,47,41,32,65,68,36
263110,59,72,3,3,1,69,59,41,62,19,41,62,46,42,39,54,51,62,42,40,43,11,44,55,16
191151,67,67,3,3,1,55,46,60,64,66,70,37,67,28,63,64,61,64,67,61,74,66,61,63,66
224069,78,78,4,3,2,85,78,72,77,25,69,79,74,63,64,79,69,81,71,76,74,21,74,78,23
240941,65,74,3,3,1,78,65,56,69,27,53,66,59,49,49,47,76,67,60,57,58,19,54,55,24
217699,75,75,3,2,3,47,76,72,69,47,80,76,75,54,72,77,53,81,80,66,86,50,76,78,42
230717,75,76,3,3,2,77,75,69,77,38,68,77,74,57,60,74,67,78,79,66,72,30,73,75,34
264652,63,78,3,3,1,76,62,59,65,30,49,65,60,52,48,61,62,60,47,46,49,20,64,63,23
236822,74,82,3,3,1,87,64,67,73,67,71,59,69,50,66,67,68,75,70,76,66,66,62,63,68
211591,78,82,3,3,2,75,77,63,73,30,80,80,72,58,48,77,66,82,85,75,85,22,69,76,39
161648,75,75,4,5,3,71,74,73,83,34,61,71,72,75,69,73,78,81,62,60,65,39,76,83,31
252594,69,79,3,4,1,79,60,63,74,26,44,61,67,56,55,63,77,61,35,48,47,23,65,68,22
243630,80,86,5,3,2,85,79,72,78,25,71,67,72,58,58,77,77,71,77,86,85,37,84,75,81
236639,76,77,4,3,2,54,64,74,75,71,77,55,80,68,80,75,55,81,80,78,75,71,78,75,72
262137,65,78,2,3,1,72,56,63,69,55,54,57,69,42,66,63,64,57,61,49,54,60,66,65,49
230767,80,86,4,4,3,84,74,77,84,72,84,72,61,69,68,85,80,89,89,84,87,84,74,68,83
254849,67,78,3,2,1,72,64,52,65,29,71,66,61,38,36,63,53,74,67,68,76,28,60,58,26
244480,69,75,3,3,1,57,49,63,70,64,75,41,71,41,69,67,85,68,65,68,77,65,63,71,62
192242,73,73,4,3,1,52,63,72,71,71,72,55,75,60,74,69,63,74,68,67,75,71,73,69,70
264512,60,74,3,3,1,66,53,60,65,41,41,55,65,49,61,51,85,59,53,45,35,38,60,65,33
251974,67,76,3,3,1,63,58,63,69,61,69,51,71,56,69,61,68,76,59,66,73,62,63,59,58
242577,77,83,3,4,2,77,73,75,79,62,66,71,75,79,69,70,74,74,66,81,64,66,79,79,58
224444,74,76,3,3,1,59,49,70,70,70,73,41,76,64,76,70,71,61,49,87,66,68,70,69,70
264033,59,68,2,2,1,61,29,46,54,59,59,22,61,29,54,51,66,46,65,60,58,62,33,48,56
257057,72,84,4,3,1,75,55,66,71,68,76,57,74,42,70,67,52,59,68,74,79,69,66,67,66
177388,82,82,4,4,3,72,78,84,84,40,67,75,83,81,80,79,76,82,40,69,72,37,86,83,38
207593,72,73,4,3,1,72,57,69,67,69,74,70,59,73,67,72,69,72,75,73,86,72,57,44,68
246683,70,81,3,3,1,68,54,67,71,64,69,51,74,42,69,69,61,59,58,76,69,69,69,72,61
235889,78,81,4,3,1,81,78,74,81,38,53,76,74,68,65,74,82,83,47,73,50,29,74,68,43
262709,62,71,2,2,1,62,30,36,42,66,59,24,41,27,36,54,68,47,68,62,57,61,35,58,66
205175,80,81,3,4,3,64,83,69,76,39,71,63,79,76,84,66,75,63,84,65,63,67,81,79,78
178031,72,72,3,2,2,41,45,61,61,73,70,40,67,36,64,71,64,59,69,44,80,74,59,69,73
244970,69,74,3,3,1,69,50,61,71,68,61,51,74,35,66,67,56,54,70,68,57,65,64,68,65
211099,73,73,3,4,1,85,67,66,75,40,63,66,69,55,62,72,71,70,71,62,68,31,69,72,43
251916,67,74,3,3,1,79,68,59,68,29,64,66,59,50,48,52,56,74,50,55,74,22,59,61,27
220029,71,74,3,3,1,65,68,70,73,46,60,68,71,71,70,66,67,74,63,70,61,32,69,68,51
239025,73,78,3,3,1,81,74,54,71,20,62,75,58,51,44,67,54,79,73,65,70,13,54,67,13
251371,58,68,3,2,1,69,46,56,59,55,45,45,62,50,57,56,75,50,65,50,35,56,62,60,54
208861,74,74,3,2,1,56,63,67,70,70,78,65,73,61,72,72,83,67,70,87,72,69,72,73,75
218311,73,73,5,3,1,84,66,65,73,35,63,72,67,42,69,71,73,66,81,66,69,27,69,60,28
265689,62,72,4,3,1,83,53,57,66,32,48,52,57,56,49,56,59,59,44,49,49,21,61,60,32
239249,67,74,3,2,1,44,43,63,64,64,67,36,70,42,66,64,60,56,55,69,69,67,66,70,64
257946,64,72,3,2,1,64,28,51,61,64,50,26,56,29,44,63,71,29,68,48,46,61,46,60,65
252059,69,76,2,2,1,56,46,59,64,67,62,46,71,34,66,70,69,49,68,66,56,68,65,64,66
223139,74,77,3,3,1,83,55,65,75,65,65,56,69,47,61,73,78,59,34,86,59,64,58,70,63
186197,77,77,3,4,2,73,73,76,81,40,64,70,76,78,74,75,85,78,77,65,67,46,80,78,31
212138,75,76,3,3,1,92,65,71,73,64,72,74,56,69,48,76,74,76,65,74,82,66,73,52,72
216320,80,83,4,3,2,76,73,75,79,73,83,68,81,62,77,80,69,83,63,92,83,79,78,80,69
242619,75,81,3,3,1,70,56,69,75,72,77,56,78,42,75,75,72,59,67,79,77,75,76,76,71
167933,73,73,3,2,2,34,46,63,62,73,75,43,70,45,65,75,72,54,72,74,71,76,67,70,76
222227,75,82,2,3,1,74,62,73,73,68,77,66,52,66,63,72,74,78,67,65,92,65,67,58,75
251439,59,74,3,3,1,55,51,57,59,56,64,48,66,41,63,58,60,61,61,57,68,58,59,58,58
260658,68,80,3,2,1,73,45,55,60,66,75,42,63,29,55,63,47,60,73,68,80,64,52,66,63
228509,74,81,3,4,2,74,70,72,80,54,65,70,78,53,72,73,66,79,65,66,69,62,77,78,41
193348,77,77,4,5,3,70,75,79,79,46,62,70,78,82,77,76,90,87,51,50,70,55,80,79,35
233927,82,87,3,4,2,75,77,80,85,70,78,79,82,74,79,83,79,77,79,82,75,73,83,86,69
213874,76,76,3,3,2,71,67,74,75,72,75,60,78,71,79,74,77,78,71,77,73,74,75,77,72
247851,80,85,2,3,2,67,62,79,78,75,77,60,84,62,83,79,76,59,59,83,75,78,82,80,77
248661,68,78,3,2,1,59,44,60,66,65,71,39,70,41,67,64,53,58,58,68,75,65,60,62,60
226773,69,74,3,2,1,69,57,64,68,65,70,53,73,42,70,67,65,72,67,66,70,68,64,68,65
240507,73,81,4,4,1,78,70,70,77,40,54,71,73,68,72,68,89,69,56,61,51,37,71,73,36
225085,78,81,4,4,2,89,72,73,80,39,69,68,74,67,66,75,84,79,73,82,64,36,75,78,33
258722,62,75,3,3,1,73,50,57,71,20,40,53,58,50,56,43,83,45,71,53,38,19,56,61,16
260990,61,80,2,3,1,66,47,60,66,50,50,44,69,47,65,57,71,56,66,44,46,46,62,65,42
190674,80,80,3,3,2,67,64,73,75,79,85,61,78,46,76,78,73,69,93,93,79,82,75,78,76
183916,70,70,3,2,1,59,63,70,70,71,66,58,74,69,68,68,75,70,68,59,66,70,66,68,73
236045,77,77,3,3,1,80,54,65,73,75,78,55,72,35,57,73,71,58,77,82,75,73,60,69,73
255000,73,81,3,2,2,75,73,53,70,24,75,75,64,36,41,69,56,77,77,67,86,15,47,67,18
265552,61,74,3,2,1,66,62,46,61,24,46,63,53,41,36,55,71,61,63,51,49,19,51,54,16
233373,69,75,2,4,1,86,56,63,72,42,52,59,69,56,62,57,86,56,60,72,37,44,57,66,24
203128,72,72,3,2,1,57,57,68,66,71,75,49,68,63,72,67,59,70,71,76,75,71,68,68,71
183287,73,73,3,2,2,37,58,69,69,72,76,53,73,62,70,64,75,63,84,82,70,72,69,72,74
264401,61,71,3,2,1,63,30,35,38,64,61,22,39,28,33,54,58,50,68,64,63,57,33,43,58
231685,73,77,3,3,1,76,48,60,69,71,72,41,67,35,51,69,73,57,89,73,73,70,54,65,72
208449,73,74,2,2,1,61,48,61,61,73,74,47,72,42,69,69,61,59,78,69,76,74,45,69,71
229705,73,77,3,3,1,63,38,59,66,74,75,31,73,28,62,67,66,55,79,76,76,73,54,69,74
215410,75,78,3,2,1,57,45,54,60,75,76,46,68,35,63,72,70,49,80,69,80,75,38,67,76
246350,73,83,3,4,1,63,53,76,76,57,48,49,81,68,78,65,90,56,64,65,38,60,77,75,54
183921,71,71,3,2,1,57,59,73,70,69,68,59,75,49,73,68,75,56,83,73,62,69,74,71,70
257025,73,82,4,3,1,84,67,70,74,19,49,69,72,45,64,64,84,69,51,47,57,13,72,54,15
256632,74,80,3,3,1,84,68,71,74,37,69,65,74,52,63,60,64,76,54,72,77,24,73,67,40
208019,70,72,4,2,1,61,26,48,53,71,74,23,65,27,62,62,52,39,80,65,79,68,37,60,71
251380,70,77,2,2,1,69,36,58,65,70,73,30,68,40,55,68,56,51,67,70,77,67,54,62,69
261084,71,79,3,2,1,82,74,56,69,30,56,74,60,55,39,67,66,85,74,61,58,19,59,69,24
263603,62,78,3,2,1,55,48,66,62,55,55,47,72,52,66,57,43,59,54,62,50,57,70,54,49
260778,60,71,3,2,1,70,48,64,59,37,61,43,69,57,66,53,62,54,55,68,64,24,61,67,41
198951,78,78,3,4,2,86,78,70,75,36,75,81,73,57,64,78,72,79,83,76,74,39,72,73,32
257306,60,73,3,2,1,67,56,62,62,50,62,52,70,57,63,62,87,66,65,66,58,49,50,42,44
263398,61,74,3,2,1,54,42,54,53,61,60,39,63,38,60,53,58,55,56,59,57,63,52,44,57
223874,78,79,4,3,2,74,66,76,78,77,80,61,82,69,80,80,89,75,73,84,79,82,76,79,78
252975,63,76,2,2,1,54,47,61,65,61,50,41,70,47,69,65,65,62,62,40,49,59,59,56,59
266586,69,70,3,2,1,75,70,51,65,29,63,71,59,50,39,59,66,74,69,66,69,25,54,66,23
201073,73,73,3,3,2,74,73,72,73,37,68,73,73,74,69,73,74,75,71,74,64,48,72,73,32
243642,67,75,2,3,1,83,64,65,68,58,59,64,72,45,68,62,59,67,36,68,60,62,64,60,49
262652,65,74,2,2,1,77,68,52,64,19,51,71,59,45,48,56,70,69,63,55,55,11,54,58,14
259868,71,82,3,2,1,67,63,68,71,66,63,62,78,49,72,68,68,68,58,67,59,64,65,68,67
198836,71,71,3,2,1,53,58,70,70,69,70,52,75,54,71,71,69,64,82,70,67,67,73,68,67
244694,67,74,3,3,1,81,59,60,70,18,40,65,65,41,58,56,88,59,54,64,31,19,54,55,16
229011,71,75,2,2,1,62,48,60,68,69,79,42,70,29,68,68,56,59,81,80,79,67,58,65,70
264437,60,75,2,2,1,63,31,33,41,65,56,26,38,34,27,52,65,42,66,57,55,64,29,42,65
236817,74,77,3,2,1,59,55,66,68,70,86,45,72,63,71,73,69,71,75,90,87,69,67,63,69
200610,82,82,4,3,2,73,85,79,80,42,85,85,80,80,74,84,81,87,77,87,86,45,82,84,22
256884,57,70,3,2,1,57,58,59,60,48,50,61,60,53,61,57,70,58,58,58,52,39,67,63,44
227055,77,78,3,5,3,91,70,69,82,51,61,67,72,60,57,73,85,77,67,88,48,50,72,75,54
238227,75,82,4,4,1,92,69,67,78,47,68,68,69,58,65,70,78,73,94,84,62,48,69,71,55
239956,75,83,5,3,1,89,74,62,76,28,66,77,68,59,54,77,76,77,83,75,68,23,66,73,29
209784,60,60,3,2,1,63,37,57,58,59,51,37,68,31,60,52,71,34,69,31,57,57,40,52,63
199451,83,83,5,4,2,82,84,77,87,39,69,74,74,82,76,91,84,91,84,78,73,62,89,85,85
230019,73,73,3,3,1,85,58,64,72,66,61,55,67,42,59,72,91,67,92,82,42,66,63,68,67
244187,68,69,3,2,1,78,36,63,62,62,70,36,64,34,58,59,51,35,71,73,71,64,65,49,58
200968,72,72,3,2,1,41,34,40,53,73,78,27,56,34,50,70,63,57,89,87,74,75,23,68,73
241999,68,69,2,2,1,51,33,46,46,68,77,25,59,32,46,64,36,54,73,65,87,64,38,61,66
219680,73,75,2,2,1,51,33,54,56,73,73,28,68,35,58,73,32,48,67,56,84,74,42,71,73
247533,62,67,2,2,1,65,33,53,58,58,57,29,56,38,43,59,71,40,63,63,57,57,55,61,58
239051,61,61,3,2,1,51,26,38,42,61,70,18,56,29,33,51,48,42,82,56,84,56,28,57,67
236804,75,80,2,2,1,75,33,60,68,76,76,33,71,32,59,74,67,27,71,70,78,77,57,72,76
220837,71,71,3,2,1,86,55,63,71,65,70,57,68,32,60,62,80,57,82,76,66,64,63,65,66
201955,73,73,3,3,1,77,51,62,70,69,78,42,67,58,57,73,73,79,81,82,77,68,53,70,69
237985,74,80,3,2,1,80,32,49,57,73,77,26,62,31,53,69,51,49,81,56,85,69,42,68,71
239093,78,78,3,3,1,85,67,75,77,68,71,66,74,77,66,76,71,75,64,89,64,69,76,75,65
221284,75,75,2,2,1,75,29,61,69,75,78,19,72,28,59,77,68,48,91,77,78,75,55,73,74
259806,63,79,3,3,1,66,52,66,68,49,57,49,71,68,69,60,77,59,55,59,60,48,68,64,49
251570,73,88,5,5,1,72,67,68,82,21,60,64,69,73,59,69,84,76,34,55,66,22,68,75,19
234906,80,85,3,4,2,74,72,78,85,65,69,72,82,72,78,78,83,72,66,73,67,68,82,82,66
246646,78,85,3,3,2,74,58,72,81,72,69,55,81,52,77,78,85,63,48,86,57,77,79,78,73
262138,68,83,2,2,1,66,42,63,62,68,66,41,73,26,70,67,61,47,76,59,68,68,62,74,67
259307,72,83,3,2,1,86,49,64,68,65,72,44,69,36,60,70,67,60,69,81,66,65,62,72,64
171791,80,80,3,2,3,32,46,62,63,82,75,47,84,51,32,43,83,51,60,72,57,83,48,43,79
217821,71,72,3,3,1,78,45,61,70,68,65,47,70,37,66,68,78,58,60,75,59,69,52,67,68
252339,75,82,3,2,1,83,42,60,64,76,78,36,69,32,65,73,49,59,69,69,84,75,56,69,76
224490,77,80,3,3,2,79,59,70,72,74,78,57,74,44,68,73,67,63,68,86,77,76,69,70,73
252000,73,79,3,3,1,79,55,67,74,69,67,53,71,38,64,69,74,59,62,72,63,70,65,69,68
265544,56,70,3,2,1,63,42,57,56,59,48,36,66,40,67,57,94,58,66,54,36,56,50,49,56
251751,67,74,3,2,1,54,38,53,52,67,67,34,62,34,54,65,48,46,68,52,75,69,52,68,66
251809,79,85,3,2,2,60,37,59,61,80,84,24,72,28,70,75,41,65,78,82,88,77,57,74,79
224875,67,70,2,3,1,76,43,54,66,62,83,41,62,35,65,61,81,47,81,74,84,64,51,67,62
243593,73,81,3,3,1,79,73,71,76,35,44,70,70,83,62,64,88,81,58,62,33,27,71,69,28
231848,70,76,4,3,1,60,63,72,71,55,68,63,76,69,73,63,73,61,57,72,70,52,71,65,53
264059,61,76,3,2,1,64,51,65,64,48,52,48,71,53,74,58,55,65,52,51,57,38,62,60,47
213367,75,76,3,3,1,72,49,68,73,71,75,42,75,47,69,72,85,68,79,89,67,74,66,62,69
139860,71,71,2,2,2,49,44,59,56,73,70,36,63,50,62,67,77,60,84,56,70,74,56,72,75
248559,67,73,2,2,1,64,31,45,53,68,72,30,49,38,39,62,55,28,64,63,79,64,35,47,67
263602,60,74,4,2,1,68,48,60,56,57,63,40,67,55,62,62,62,63,69,72,56,53,63,53,57
242054,70,75,2,3,1,79,54,63,73,65,65,44,63,52,64,61,82,69,66,78,60,64,58,56,68
260159,63,73,2,2,1,59,34,39,46,61,76,20,52,31,42,53,39,58,70,64,86,63,28,52,53
207993,75,75,2,3,2,75,62,68,70,71,85,57,71,42,62,71,55,79,75,73,90,69,70,64,70
236987,80,86,3,3,2,74,54,72,74,80,79,47,79,47,76,75,67,67,76,82,76,83,74,81,79
232097,75,81,3,5,2,79,62,70,81,45,51,63,74,54,70,74,77,54,48,72,42,39,73,64,48
236496,80,86,3,3,1,76,66,79,77,76,80,64,85,67,80,76,74,74,72,88,75,80,83,77,74
241707,76,83,3,2,1,66,46,65,69,72,79,37,76,35,72,76,53,64,73,81,79,75,65,73,70
229927,78,82,2,3,2,74,64,77,77,76,77,61,82,60,77,84,81,69,68,77,76,81,77,78,76
257042,61,75,3,2,1,59,52,60,60,53,56,45,70,49,59,54,64,58,57,61,53,51,57,56,50
263435,61,82,4,4,1,73,59,52,65,27,48,67,51,44,44,57,51,56,48,54,53,23,56,47,27
243715,78,85,3,2,2,77,39,66,69,78,78,37,76,35,73,77,58,60,72,71,81,80,61,73,75
263604,65,77,4,3,1,70,68,59,69,29,36,72,64,74,52,72,78,73,56,47,32,28,40,45,22
238504,71,75,4,4,1,69,67,68,74,49,61,65,70,68,65,66,80,68,57,72,56,51,72,68,41
229236,70,74,3,2,1,69,42,62,69,69,69,42,68,50,61,66,74,44,67,65,68,67,53,65,68
240453,66,75,3,2,1,68,28,44,61,65,77,24,56,25,45,58,69,35,81,78,79,65,34,56,63
262045,56,74,2,2,1,58,32,43,55,55,48,30,42,33,37,53,79,29,65,55,39,52,43,43,46
211382,74,75,3,3,2,64,55,66,70,72,80,45,74,45,70,75,65,75,82,79,80,75,65,67,71
210438,74,74,4,4,2,72,68,75,77,26,54,66,75,77,70,68,77,75,56,65,50,29,79,77,21
255932,60,77,2,2,1,58,31,42,38,62,58,26,55,26,45,48,68,42,75,51,63,57,37,50,62
247019,73,78,4,2,1,66,37,50,58,73,77,23,63,28,54,63,42,67,89,71,82,70,35,59,70
183975,70,70,3,2,2,60,31,49,58,70,77,20,60,19,57,69,56,44,80,69,82,70,48,71,70
241637,81,88,3,3,2,72,69,78,78,80,83,68,73,76,53,75,81,69,78,74,86,82,75,55,82
225663,79,83,4,4,3,79,72,78,82,60,67,75,42,80,79,87,77,79,78,67,81,76,76,52,80
258433,72,83,3,3,1,75,58,70,75,65,70,56,76,43,73,69,83,68,70,71,70,67,74,74,64
252293,72,80,3,3,1,86,59,60,73,65,69,64,68,30,49,68,68,65,54,78,67,66,56,66,64
194020,70,70,3,3,1,66,64,65,69,69,73,59,68,65,72,68,63,73,71,65,77,67,62,72,72
264869,63,80,4,2,1,67,52,61,63,56,67,48,66,43,62,62,65,61,60,72,66,59,63,62,55
251217,74,80,3,3,1,70,67,74,75,68,73,62,78,56,76,72,72,77,58,75,73,68,73,75,66
245630,78,82,3,3,2,71,67,74,77,75,78,64,79,56,77,79,77,76,62,84,76,79,77,76,74
162895,75,75,3,3,4,40,66,81,74,61,52,62,83,79,82,74,68,70,50,41,57,62,85,83,68
226861,72,73,4,3,1,77,71,67,72,30,66,70,70,61,63,69,76,71,52,63,80,21,65,66,42
265687,63,77,4,3,1,75,63,53,65,18,50,64,54,57,47,60,77,65,63,49,48,14,55,61,13
216643,77,78,4,3,3,72,59,74,74,75,72,78,60,75,56,67,78,66,72,73,74,70,72,46,78
255015,65,75,3,3,1,75,61,59,70,37,43,62,64,44,56,62,84,65,43,53,37,38,59,63,34
210736,78,79,2,3,2,80,63,75,79,75,64,78,60,81,80,75,76,76,80,67,72,69,72,55,77
236518,73,78,4,3,1,84,69,68,75,37,58,70,71,50,67,68,82,74,65,63,65,34,70,66,37
257204,73,81,3,2,1,69,46,62,61,72,76,39,71,53,67,70,58,68,91,67,78,73,59,73,72
220182,79,82,3,2,3,74,43,66,71,80,78,58,77,52,29,67,78,62,57,82,78,74,36,39,79
179789,75,75,4,2,2,43,37,55,53,77,74,25,67,31,66,73,57,57,81,58,79,76,40,72,76
252078,64,74,2,2,1,71,33,47,61,63,54,34,48,31,46,51,75,25,67,60,48,60,46,47,62
228290,73,75,3,2,1,52,29,45,52,73,81,22,65,25,54,65,53,41,87,82,84,70,29,53,75
183907,82,82,4,2,4,68,50,74,67,84,76,34,77,41,83,84,52,78,74,50,87,83,78,84,84
234856,69,74,3,2,1,77,42,60,62,68,72,39,66,39,63,58,59,52,76,66,78,68,50,53,66
241494,67,75,3,2,1,65,29,46,47,67,76,27,59,22,61,54,55,38,74,71,84,63,32,58,66
193148,72,72,3,3,1,70,60,66,69,67,67,58,69,47,68,67,75,60,65,82,63,69,62,67,69
222969,71,71,3,3,1,48,44,67,68,69,71,40,69,48,63,68,64,50,37,79,73,73,65,63,68
190530,67,67,2,2,1,66,24,52,39,65,74,18,65,29,51,66,64,38,80,64,82,68,35,61,63
235875,75,81,3,3,1,78,62,72,75,71,71,60,72,61,70,72,74,65,66,82,67,67,68,70,73
234791,76,79,2,2,1,71,38,66,67,76,75,38,74,37,76,72,64,47,79,66,81,73,52,64,79
202935,76,76,2,2,2,64,34,58,57,76,80,22,73,42,67,73,71,65,85,72,82,75,39,63,74
225263,78,83,3,2,2,63,39,60,62,79,82,32,78,31,78,76,58,67,83,77,86,79,64,81,80
256801,61,74,3,2,1,67,29,41,43,63,60,21,53,29,44,55,60,50,74,60,60,59,30,54,61
242835,75,83,3,2,1,71,36,57,64,75,75,29,75,30,70,69,57,55,74,69,78,72,43,67,75
203741,74,74,5,3,1,85,50,70,73,67,74,45,72,45,70,73,66,62,65,80,71,66,73,67,66
229971,76,79,2,2,1,81,51,70,71,70,78,42,72,47,66,70,73,64,75,89,75,70,69,70,71
235548,62,62,3,2,1,67,38,58,61,62,55,35,62,37,59,59,65,40,75,34,63,61,54,59,62
256856,70,77,2,2,1,82,50,62,66,65,70,38,61,71,58,65,59,72,75,75,68,62,51,63,64
264862,63,79,3,3,1,66,56,63,65,44,42,56,65,54,64,58,73,55,42,46,38,38,65,64,42
232440,78,82,2,3,1,74,57,77,79,73,63,54,78,70,70,78,75,60,70,80,52,74,77,80,73
244892,78,86,3,4,1,74,72,75,83,54,56,71,76,74,68,76,86,76,53,79,39,56,78,80,56
233767,71,75,3,3,1,73,45,66,70,67,63,40,71,33,66,66,79,63,45,70,61,68,65,67,67
235565,74,77,3,2,1,66,61,67,65,75,76,56,70,53,73,73,61,74,75,73,78,73,65,71,75
258014,63,72,3,4,1,76,62,58,67,27,62,62,57,57,57,57,70,62,88,48,70,25,58,69,18
201042,77,77,4,3,2,74,62,74,75,74,79,60,76,70,73,76,69,69,80,86,76,74,69,75,73
254840,69,80,3,2,1,61,43,50,62,68,75,43,60,38,58,66,38,56,62,63,84,70,31,68,66
255529,70,80,3,3,1,73,70,57,69,22,66,74,65,46,42,64,65,73,65,64,73,17,61,66,19
236593,74,81,3,4,2,76,67,71,77,33,58,65,73,62,66,72,69,75,55,70,58,27,77,72,37
253036,72,83,2,3,1,78,65,67,76,35,54,67,71,56,63,64,86,71,39,63,54,29,65,66,32
264590,62,77,2,2,1,74,64,52,61,23,50,65,59,41,47,55,62,68,54,55,56,14,58,59,22
194845,77,77,4,4,2,69,79,76,77,42,68,78,76,78,67,77,76,82,34,68,69,53,77,80,31
225951,75,75,4,4,2,83,73,70,76,38,70,72,71,69,60,73,65,76,67,80,67,38,71,72,45
236830,71,77,3,3,1,64,57,71,75,64,71,53,76,65,73,64,71,72,65,72,70,68,71,70,64
237626,74,78,3,2,1,65,60,67,76,73,67,59,76,45,70,74,68,64,70,72,63,75,75,76,73
257320,67,79,3,3,1,67,55,64,70,66,61,55,69,47,66,66,65,59,55,58,60,64,68,67,66
242578,76,84,3,2,2,65,47,67,59,77,76,38,78,34,77,74,37,70,79,66,84,78,68,74,78
203889,72,72,3,3,1,71,73,61,72,24,69,76,67,55,57,64,75,71,84,67,75,18,66,72,18
242603,70,80,3,2,1,62,35,49,52,71,74,30,64,32,58,68,37,59,68,60,83,68,52,65,70
229942,76,81,2,2,2,54,28,51,57,77,82,20,67,27,65,73,35,54,72,66,92,76,51,70,77
258432,69,81,3,2,1,60,34,48,55,69,71,29,64,23,51,64,34,54,73,54,81,66,44,70,69
219145,78,80,2,2,1,34,42,58,51,79,80,39,71,27,72,78,32,58,68,59,91,79,56,74,79
223597,77,77,2,3,2,75,53,71,76,73,77,49,76,33,70,75,78,70,81,92,66,73,69,72,73
259117,62,74,2,3,1,89,58,52,65,28,48,56,53,49,45,53,72,67,44,53,49,17,53,57,23
240753,79,86,3,4,2,79,81,76,79,45,70,82,79,76,69,77,73,80,70,74,72,44,76,78,45
228687,78,82,4,3,2,73,80,69,77,30,68,50,74,76,70,72,75,64,86,73,73,32,79,78,76
264322,63,75,3,3,1,82,58,56,67,35,46,58,57,49,52,57,73,64,46,49,44,31,58,60,30
235554,63,69,3,3,1,75,61,60,66,40,55,59,65,55,54,58,71,67,58,54,59,34,61,64,30
258444,69,79,3,3,1,76,68,54,68,25,68,70,62,49,47,66,59,69,59,62,77,15,52,69,24
236920,74,81,4,4,1,89,71,67,79,35,57,69,68,58,54,69,84,75,62,64,52,25,73,72,43
193983,80,80,3,3,2,84,82,72,75,37,82,81,74,69,64,75,74,89,79,80,85,27,75,78,32
236477,74,80,3,4,2,85,70,72,76,66,67,68,75,69,71,68,81,74,71,66,67,67,76,67,69
242965,64,72,2,2,1,61,64,50,58,24,72,63,60,49,44,61,36,65,67,58,83,16,53,58,19
257289,68,80,3,3,1,70,69,54,67,22,66,72,63,48,47,51,66,69,74,60,71,11,57,67,21
240570,61,69,2,2,1,75,41,55,59,58,68,36,61,28,60,41,74,50,62,67,71,56,51,49,58
252936,70,77,3,3,1,71,65,66,73,43,59,64,69,56,62,68,78,69,59,63,62,35,66,68,39
221919,73,74,3,4,1,79,70,70,76,35,57,69,70,68,57,68,78,77,30,64,55,39,72,71,33
235432,72,78,3,2,1,63,48,65,65,70,75,41,74,38,71,66,51,68,65,75,80,69,68,60,68
231864,71,77,5,3,1,90,64,64,73,27,54,63,64,54,53,67,79,65,49,72,50,23,67,62,35
227732,67,70,4,3,1,81,65,57,70,24,61,62,64,47,50,67,77,69,69,62,62,20,55,61,22
257271,70,81,3,2,1,64,52,64,67,67,68,48,72,43,67,66,63,62,59,75,65,67,69,70,66
192722,73,73,4,3,2,67,75,74,76,42,63,74,74,70,70,74,73,77,57,60,66,39,75,73,38
259190,67,79,3,2,1,68,55,65,68,64,71,50,72,45,69,62,59,68,73,68,75,59,65,66,63
239356,74,78,3,2,1,62,47,58,68,73,80,38,69,41,67,73,79,60,86,84,76,78,52,69,72
243631,74,78,3,3,1,63,57,67,71,73,72,55,75,47,74,72,70,67,61,74,71,74,69,72,73
230144,70,75,3,3,1,64,47,67,73,67,63,37,75,45,72,69,74,62,67,71,57,68,72,62,65
188388,75,75,4,4,2,66,74,76,77,45,59,73,77,76,73,74,73,76,64,58,61,54,77,77,53
237631,70,75,3,3,2,70,71,60,70,27,66,73,66,51,53,65,66,71,67,64,71,24,61,73,32
195912,68,68,4,3,2,55,69,57,65,39,73,67,59,65,47,65,43,77,71,64,75,29,55,63,41
261202,63,77,2,3,1,70,60,56,69,25,52,64,58,41,49,52,68,60,61,52,55,23,62,65,20
253102,73,80,3,4,1,69,64,74,75,56,59,63,77,66,73,70,66,72,64,63,61,50,76,73,60
209618,72,72,3,3,1,56,62,70,67,68,76,61,73,67,70,68,73,68,73,92,68,68,71,64,67
237960,75,77,3,3,1,91,72,67,73,50,78,72,71,39,65,75,78,79,82,79,77,47,66,66,41
263459,59,75,2,2,1,58,42,57,60,52,52,38,64,46,65,56,48,51,42,61,46,54,56,60,50
246929,72,73,2,4,1,86,68,66,69,44,81,67,74,52,58,74,52,73,61,73,90,44,62,65,38
221982,69,74,3,4,1,75,63,66,76,27,39,63,69,49,62,61,88,64,43,51,33,21,70,74,37
248574,64,75,3,3,1,69,60,62,69,41,44,59,67,59,57,53,78,65,46,58,35,37,61,63,42
177358,74,74,4,3,2,51,57,70,70,73,75,53,77,62,70,73,67,68,67,75,75,73,65,78,74
212811,77,77,4,3,2,71,67,73,76,74,77,59,77,66,73,76,73,80,55,79,78,75,72,74,75
264506,59,74,3,2,1,53,40,53,56,58,63,35,63,42,58,49,53,60,56,53,68,52,46,52,54
253157,75,82,3,3,1,74,65,71,79,72,72,68,77,58,68,74,78,65,71,85,66,70,74,77,71
247246,75,84,3,3,1,75,61,70,76,73,76,60,77,52,72,74,70,69,73,78,79,74,70,75,73
235134,77,81,3,3,1,67,64,69,74,76,79,59,76,54,75,74,66,76,74,80,81,76,74,75,77
245388,77,84,2,3,1,77,44,61,65,78,76,40,75,41,67,73,55,57,77,69,81,77,56,74,77
257118,72,79,2,4,1,79,65,70,77,24,54,65,73,66,68,59,91,64,56,74,49,17,69,74,32
224368,69,69,2,3,1,79,63,65,71,38,61,61,67,62,65,65,84,67,71,65,63,28,62,63,43
241445,67,72,2,2,1,75,33,56,59,64,63,31,65,31,48,61,75,37,56,65,59,62,43,62,63
244472,72,79,4,3,1,77,58,68,75,68,77,58,66,64,44,79,68,76,66,63,82,73,68,45,71
191783,73,73,4,4,2,71,70,71,77,58,77,66,74,66,72,74,71,76,80,85,71,57,76,78,66
225706,74,74,3,3,1,69,56,74,75,69,72,46,76,64,73,71,73,71,69,78,66,71,69,74,68
259119,70,81,3,2,1,63,41,54,60,70,67,38,64,27,59,68,55,49,73,50,75,70,49,68,69
241071,71,79,3,3,1,72,58,68,75,65,66,53,75,56,73,67,93,65,71,76,59,68,69,72,63
197688,71,71,2,3,1,65,57,69,69,68,67,52,73,56,70,69,72,70,72,70,63,67,60,66,66
255523,72,78,3,2,1,86,50,62,72,66,70,44,66,41,53,68,72,67,61,79,66,66,59,68,64
239894,71,76,1,3,1,68,52,67,72,69,75,47,73,40,71,71,72,65,72,83,72,70,69,71,68
262062,61,78,2,2,1,67,48,57,63,60,57,45,66,40,60,59,50,59,53,70,49,51,52,65,63
238749,68,76,2,2,1,36,30,41,51,68,76,28,47,28,40,65,66,39,69,52,91,68,42,64,67
209430,74,74,3,3,2,74,75,68,72,64,83,74,70,56,66,74,67,80,72,90,85,63,68,69,64
239145,62,69,3,2,1,60,48,59,62,61,65,38,66,47,63,61,56,66,66,71,65,62,58,59,57
228732,74,79,3,2,1,48,32,51,49,75,80,27,70,29,60,72,36,45,56,71,90,74,50,70,74
257396,66,77,2,2,1,66,60,63,69,34,47,64,67,40,61,48,81,60,51,57,48,24,65,56,28
206506,71,71,3,3,1,63,64,71,73,66,67,60,73,64,71,70,79,70,48,74,65,69,72,70,67
263014,65,78,3,3,1,84,61,54,67,30,57,62,56,43,49,61,74,67,67,59,59,29,55,59,25
225783,77,81,3,3,1,89,76,69,77,28,69,77,72,56,67,72,73,80,73,73,75,24,69,72,30
263016,61,75,3,2,1,65,62,48,58,23,61,67,56,42,39,55,45,60,65,55,73,19,54,55,15
260407,71,81,4,4,1,84,70,63,74,30,65,73,68,58,53,65,72,71,77,62,69,28,64,68,25
254019,67,77,3,3,1,78,67,58,66,26,65,72,65,47,48,63,62,64,66,66,70,26,59,63,27
264050,63,75,3,2,1,73,42,50,58,58,67,39,51,39,46,59,68,44,62,72,66,57,48,57,56
203280,74,74,4,3,2,68,74,71,73,39,66,74,74,69,64,76,70,74,84,76,62,44,72,69,45
236786,78,82,3,3,2,84,77,74,76,36,68,79,78,58,72,78,68,78,72,71,72,27,76,75,34
257083,63,78,3,3,1,79,63,55,67,22,52,63,59,46,44,52,73,70,51,50,58,21,56,53,17
264880,66,77,3,3,1,78,60,60,69,37,53,58,63,49,57,63,70,64,58,54,54,32,57,59,37
256035,75,85,4,4,1,93,69,66,80,28,63,72,70,50,58,62,89,70,78,71,61,26,68,75,30
209519,81,82,4,3,2,76,81,76,79,40,80,83,80,59,71,80,63,81,88,88,78,36,78,80,38
247508,61,68,2,2,1,75,60,54,61,23,56,60,60,48,49,58,66,60,71,48,64,21,60,51,18
215441,76,80,3,3,2,69,75,66,75,38,76,76,73,67,63,74,63,77,77,70,80,29,68,72,42
246420,77,87,3,4,3,92,66,67,83,25,66,67,72,44,59,75,88,73,76,69,67,18,73,72,22
158023,93,93,4,4,5,85,92,91,95,34,65,85,70,93,94,91,94,95,86,68,72,44,93,75,96
181291,83,83,4,4,3,73,75,79,84,78,79,71,78,78,73,83,84,88,76,81,92,75,79,74,84
190871,91,91,5,5,5,91,83,86,94,37,63,83,86,87,81,89,84,80,64,81,53,37,90,93,35
231747,91,95,4,5,4,97,88,80,92,36,77,78,72,80,69,92,93,83,86,78,88,62,92,79,88
199556,87,87,4,4,3,64,61,87,91,79,67,82,57,85,64,91,87,94,60,67,76,89,78,64,94
245367,68,83,3,3,1,71,63,67,72,54,64,62,70,65,65,67,84,66,56,64,61,61,68,70,44
201399,81,81,4,3,3,66,81,65,75,35,69,83,75,52,54,78,72,83,88,66,73,24,72,78,40
200888,80,80,3,3,3,61,63,70,71,79,86,56,83,54,53,54,75,51,75,77,85,80,70,57,77
158625,78,78,4,3,3,32,51,68,66,79,78,47,77,55,77,75,60,62,67,66,85,79,64,79,81
207439,80,81,4,4,2,66,71,82,78,76,79,79,60,80,78,67,76,75,88,66,76,89,76,64,84
234686,74,79,4,2,1,78,48,65,71,71,65,44,74,39,60,69,75,58,76,74,63,69,59,61,72
252017,73,79,4,2,1,60,42,61,61,73,74,39,71,30,68,71,50,56,63,66,81,71,58,72,73
219681,74,75,5,3,2,76,61,67,71,71,72,55,74,49,66,72,71,75,78,69,73,73,54,67,67
247248,62,73,2,2,1,61,29,39,45,62,67,21,56,32,30,52,44,52,72,59,77,60,32,53,60
240754,76,80,5,4,2,90,67,71,79,69,69,70,72,54,67,73,80,69,69,70,65,72,72,77,68
254548,75,82,3,3,1,78,52,67,74,70,71,45,71,33,63,69,81,66,69,75,69,72,62,67,70
263908,64,78,2,2,1,68,49,54,64,62,57,48,59,42,51,54,70,55,63,62,55,61,48,54,55
235634,75,78,3,3,1,77,51,68,75,70,71,45,71,32,64,73,74,60,70,82,67,72,68,74,67
239550,73,77,3,2,1,62,42,48,56,72,77,36,62,36,51,68,49,59,78,62,86,72,36,65,70
245084,65,71,3,2,1,70,48,58,64,61,66,47,64,37,60,60,68,49,70,68,66,62,47,50,54
208509,75,76,3,3,1,75,57,69,72,71,77,50,70,57,69,70,72,67,83,90,71,72,66,69,73
235036,75,81,3,2,1,60,38,54,58,76,75,34,71,35,70,73,58,60,70,70,79,75,42,69,76
206493,77,77,3,2,2,34,33,56,65,78,83,25,75,31,71,74,44,58,83,79,85,77,45,73,78
190034,73,73,2,2,2,67,39,68,60,73,77,30,74,34,71,70,50,47,82,72,81,73,62,65,73
245855,68,74,2,3,1,66,65,68,68,54,67,65,71,54,68,62,68,68,61,73,68,56,70,70,48
231361,72,76,2,2,1,48,39,56,58,72,76,28,66,38,69,62,44,67,73,53,88,71,47,68,72
193683,75,75,3,3,1,60,66,73,71,69,74,64,77,71,72,72,75,74,62,90,69,75,72,65,68
235553,72,73,3,2,1,43,28,45,53,72,80,17,65,23,58,65,46,62,73,73,88,70,33,62,72
183280,72,72,3,2,3,46,48,53,58,71,77,45,63,55,66,70,53,70,70,56,88,71,44,73,72
219461,69,77,2,2,1,67,30,50,51,68,75,21,60,36,51,65,50,48,81,52,88,65,39,52,69
216237,67,67,2,2,1,58,56,67,66,61,67,51,68,65,66,67,76,63,64,60,72,65,69,62,58
252302,62,76,2,2,1,76,47,53,63,57,57,45,55,38,50,56,69,52,70,60,56,58,53,59,56
223570,74,79,4,3,1,75,69,72,73,70,70,64,72,76,69,71,70,85,79,77,69,71,68,69,70
205686,81,81,5,4,2,67,76,84,83,69,69,73,84,82,84,79,90,79,36,78,63,78,85,85,67
222160,70,73,3,3,1,77,46,63,71,67,70,42,67,42,53,64,80,56,70,64,71,70,59,69,65
209288,77,77,4,3,2,73,75,77,79,51,65,70,79,81,77,73,89,85,68,76,57,54,79,73,53
247599,67,75,3,3,1,63,55,66,68,58,69,51,71,58,68,62,60,68,62,74,73,59,68,65,57
252541,74,82,4,3,1,69,54,71,74,71,69,52,76,57,70,72,71,61,70,78,62,75,71,69,72
206306,77,77,2,3,2,61,65,76,74,70,76,60,81,55,79,77,85,77,66,80,70,75,79,75,71
264027,60,75,4,3,1,65,45,60,68,53,46,43,66,49,62,55,86,53,65,44,39,53,60,59,46
254995,61,75,3,2,1,68,37,41,60,60,54,29,40,30,36,49,70,63,66,63,51,58,34,47,55
256697,63,71,3,2,1,64,49,63,63,56,65,50,67,56,66,57,62,55,58,70,68,62,66,68,56
262908,71,77,2,2,1,65,34,44,52,70,76,26,62,27,40,66,53,61,77,68,82,68,35,57,71
246387,68,72,4,2,1,74,43,59,63,64,72,32,66,50,58,59,69,60,72,69,69,66,44,61,64
257084,66,80,3,2,1,68,52,64,69,62,71,43,72,41,67,66,64,67,71,70,74,59,64,66,61
219792,77,79,2,3,2,59,61,70,73,75,74,58,78,59,77,72,67,74,71,89,68,74,73,67,76
213388,77,77,3,3,2,74,71,76,79,67,68,70,78,68,75,77,80,72,57,83,61,69,77,77,69
197813,74,74,4,3,2,58,67,73,73,68,71,64,76,66,75,76,62,72,63,72,71,65,74,70,68
261249,66,82,3,3,1,66,53,65,72,57,52,50,70,48,66,65,80,58,45,59,45,62,67,70,55
244261,77,82,3,4,1,69,69,79,83,54,63,67,78,77,77,75,70,76,50,77,59,61,79,77,53
214097,79,79,3,3,2,72,74,81,77,66,74,72,82,82,79,77,74,77,72,84,69,73,79,78,63
193474,82,82,3,3,2,70,66,72,78,83,77,60,80,66,76,81,83,82,84,87,69,86,70,79,82
191740,80,80,4,3,3,65,73,78,79,78,75,70,81,64,81,82,76,78,63,81,70,82,80,82,79
183898,87,87,2,5,4,83,81,86,87,48,69,88,51,91,88,94,84,76,83,73,78,73,84,73,86
248573,72,80,3,3,1,83,60,68,75,67,75,58,77,49,70,69,73,71,75,81,75,74,66,70,65
263194,64,80,3,3,1,71,55,60,72,40,40,54,62,52,57,55,88,60,49,41,34,40,64,68,37
264026,61,77,3,3,1,67,42,55,63,59,56,39,64,41,60,54,71,53,57,49,55,60,49,53,57
202166,79,79,5,4,3,74,76,80,82,58,66,74,81,76,77,78,74,80,77,68,67,66,81,82,48
155862,87,87,3,3,4,69,69,76,73,87,82,66,92,74,75,72,91,66,79,91,72,90,73,90,87
252145,78,88,4,3,1,87,57,72,76,74,72,74,67,66,59,82,76,82,80,71,81,67,73,45,75
246679,70,79,4,3,1,73,48,62,68,63,75,29,67,39,58,61,57,69,59,77,78,57,50,66,59
193470,74,74,3,3,2,70,59,70,71,71,70,56,73,46,69,71,64,73,72,76,66,70,69,72,70
253052,69,83,3,2,1,91,28,59,66,59,71,21,64,29,64,63,73,42,84,73,67,56,49,53,53
207865,88,91,3,3,3,81,56,75,74,89,81,59,84,32,85,88,67,65,92,83,78,89,76,86,90
247180,69,77,2,3,1,76,46,52,65,65,77,40,59,30,35,66,66,70,71,75,81,66,40,56,65
234514,72,72,3,3,1,69,46,65,68,73,74,35,71,34,67,69,67,59,62,82,73,72,61,69,74
208862,71,71,3,2,1,53,36,59,58,72,73,29,72,33,70,62,42,54,73,76,72,67,45,61,73
183285,76,76,2,2,3,47,35,64,55,75,81,23,74,30,71,70,54,61,74,61,90,76,61,71,75
240223,74,77,3,3,1,76,61,65,73,69,68,58,70,44,62,70,61,72,66,79,66,69,59,67,68
218540,72,72,2,3,1,85,59,68,73,65,73,54,69,64,64,69,75,68,72,77,71,66,68,70,66
239136,74,81,3,2,1,77,41,62,69,75,72,39,73,36,62,73,74,49,78,70,71,75,52,67,75
262042,71,81,2,2,1,71,33,51,54,71,76,26,65,29,47,68,40,61,66,66,82,68,33,62,72
256769,74,83,3,2,1,74,55,70,72,71,69,52,72,53,70,71,77,63,71,77,65,72,66,68,71
219789,79,79,3,3,2,85,54,72,75,73,77,48,75,42,73,74,81,68,86,90,70,72,66,72,71
200677,75,75,3,2,1,65,38,51,61,76,76,30,66,52,65,70,51,67,71,68,77,78,32,69,77
256854,71,82,3,2,1,64,34,52,56,72,71,25,68,32,59,62,54,52,72,68,73,70,42,59,70
219466,75,76,3,3,2,84,52,68,75,68,67,74,42,63,55,87,72,87,51,86,90,80,70,39,72
231263,70,76,3,2,1,52,36,66,61,71,67,30,73,33,70,64,59,52,73,63,70,72,67,71,67
225850,83,87,3,2,3,81,43,68,70,83,86,59,80,50,32,69,80,60,70,79,81,90,47,52,79
255106,74,82,3,2,1,61,29,54,62,75,77,25,70,23,59,65,45,42,75,68,84,75,57,73,75
260574,66,78,3,2,1,77,42,56,67,61,61,33,65,41,47,63,76,58,64,66,59,60,47,53,62
244749,77,81,3,2,2,71,47,62,64,78,77,40,74,41,68,77,56,62,86,79,75,77,60,67,77
201510,75,75,3,3,2,74,65,72,76,72,70,66,75,53,67,69,70,69,83,68,69,73,75,74,70
235212,85,89,4,3,2,94,74,80,82,76,79,75,81,74,73,84,79,80,80,93,74,78,78,83,75
226229,77,81,5,2,3,76,44,65,66,77,78,64,76,54,38,68,73,64,65,87,74,78,53,41,69
225711,78,82,3,3,2,74,39,71,76,78,77,38,78,32,76,76,71,51,84,74,77,77,69,81,76
241497,75,79,2,3,1,81,56,69,77,71,61,51,74,43,68,69,86,68,67,69,53,74,65,70,73
205069,81,81,3,4,2,81,65,77,82,75,65,65,80,51,73,80,88,67,74,69,58,78,76,78,75
176600,76,76,4,3,3,80,76,73,75,41,67,76,77,70,69,73,73,77,83,69,64,38,74,76,44
198420,70,70,3,3,2,87,68,64,73,37,65,65,67,50,59,66,85,75,79,62,62,35,71,73,37
261771,68,81,3,3,1,74,70,58,69,28,59,72,63,52,49,57,70,69,68,59,69,23,60,64,24
225293,76,79,3,3,2,72,76,56,71,23,72,79,66,49,43,75,68,77,87,70,79,19,57,66,13
219733,79,80,3,3,2,75,79,61,70,43,84,83,69,51,48,79,31,79,75,80,90,38,69,75,40
208787,77,77,4,3,2,73,72,77,78,65,70,70,78,70,77,76,83,75,72,78,67,68,78,77,63
264293,56,75,2,2,1,60,39,54,58,51,53,33,65,46,56,58,67,54,58,42,54,48,54,41,45
206167,73,73,4,3,1,53,60,73,73,69,70,54,77,69,74,72,64,68,53,77,69,70,73,70,71
231089,75,79,4,3,1,66,59,70,70,71,84,53,78,49,76,76,33,73,68,83,89,72,71,73,70
220905,74,77,3,3,1,67,60,65,69,73,77,54,74,51,71,69,57,70,60,72,82,74,67,74,74
235042,74,74,3,3,1,54,70,79,73,62,70,63,80,81,78,72,68,79,63,72,70,64,77,75,60
235456,74,79,3,3,1,79,61,71,76,69,70,58,75,68,74,74,84,69,60,80,68,69,74,72,70
243449,71,76,2,2,1,55,35,51,56,73,69,28,69,30,56,67,53,59,71,68,73,72,36,63,74
239575,74,78,2,2,1,52,33,48,55,73,82,24,65,29,46,67,39,61,73,68,91,72,43,66,73
192725,73,73,3,2,1,64,39,67,66,73,71,35,72,40,74,71,63,56,77,64,74,73,65,74,74
239635,67,72,2,3,1,80,47,60,61,61,68,47,63,39,55,60,67,49,55,75,70,63,62,48,59
227222,77,78,3,3,1,74,49,69,71,74,78,40,74,42,67,70,73,68,82,78,77,76,63,74,71
263114,59,78,2,2,1,62,32,37,41,62,58,30,44,32,34,46,56,44,72,57,58,60,32,45,57
236636,74,80,5,3,1,72,52,67,68,72,72,53,71,48,69,73,62,59,74,74,74,74,61,68,72
212219,76,79,3,2,2,71,42,66,69,75,81,34,74,43,65,72,64,58,83,81,82,74,61,74,75
216820,76,77,4,4,2,92,70,67,80,34,65,70,70,55,63,68,92,73,89,75,69,34,69,74,30
241266,67,77,3,3,1,86,66,57,67,26,53,69,65,46,48,63,59,68,63,47,61,21,56,63,27
237679,75,83,3,3,1,84,70,61,78,31,62,74,73,54,63,70,52,72,82,67,69,23,60,70,28
206141,70,70,3,2,1,70,68,60,62,26,77,69,68,41,50,69,33,74,40,66,89,22,61,69,18
258608,70,75,5,3,1,86,63,62,76,29,62,63,66,48,46,62,84,62,84,66,58,28,70,63,21
225713,67,71,3,3,1,68,68,60,69,30,53,67,66,38,48,60,76,73,62,36,62,22,61,62,36
227877,66,69,3,3,1,75,55,67,71,56,60,52,70,55,69,54,70,61,51,57,62,62,68,65,47
231102,77,83,2,4,2,75,74,75,81,57,65,72,79,67,74,72,78,74,67,75,63,65,76,78,45
231098,70,70,2,2,1,71,33,54,64,70,77,24,56,40,58,57,62,45,84,82,75,69,48,51,71
224019,76,80,3,3,1,64,54,71,74,70,71,46,79,48,78,78,65,68,53,82,66,74,70,74,69
240351,70,74,3,3,1,72,58,67,73,68,63,57,73,47,71,64,80,57,40,72,64,69,66,67,68
256743,60,70,3,2,1,59,31,46,40,62,63,29,53,29,38,53,54,42,68,67,66,57,32,40,57
199393,76,76,2,2,2,43,53,60,59,76,85,44,69,41,68,67,34,78,79,67,92,75,51,73,75
226515,77,77,3,2,1,60,67,68,68,79,74,59,77,68,69,74,54,79,78,72,72,79,54,66,77
191210,72,72,3,3,2,70,62,71,70,71,61,57,71,75,72,71,74,72,70,65,54,72,66,63,74
231041,71,71,3,3,1,87,70,62,68,27,75,66,63,53,55,67,56,79,78,80,76,24,63,65,21
189680,72,72,4,3,2,76,54,68,73,69,68,43,73,60,68,71,83,72,76,63,65,70,66,73,71
213868,74,77,2,2,1,73,30,52,62,74,77,18,63,23,57,68,49,50,88,79,75,73,43,62,73
199191,71,71,3,2,1,75,39,59,63,69,75,33,61,44,56,65,71,51,82,89,68,67,58,64,73
263572,58,74,3,2,1,60,60,45,55,25,52,63,49,40,40,55,59,59,63,52,58,19,51,51,23
257171,61,75,2,2,1,71,67,57,63,27,49,67,57,51,58,42,87,72,54,58,49,22,59,49,21
203736,73,73,3,3,2,76,73,57,72,24,71,75,66,43,39,69,71,76,71,68,80,23,55,74,12
251855,63,77,3,3,1,60,50,65,66,52,58,47,71,48,69,49,77,56,50,60,63,43,68,56,51
263330,60,76,3,2,1,67,52,63,65,46,43,47,69,55,66,61,83,68,62,51,36,32,62,65,40
178160,75,75,3,3,2,48,69,77,70,70,73,63,81,78,78,71,58,77,70,77,72,72,79,77,70
255125,63,76,3,3,1,61,51,62,65,57,55,55,69,52,64,61,65,53,63,63,47,52,64,59,55
245994,60,72,3,3,1,62,54,60,61,57,59,54,63,50,60,55,66,59,52,59,57,57,60,59,54
233061,73,76,3,4,1,76,72,71,72,43,64,70,72,64,70,62,74,76,85,83,66,62,72,67,22
251912,64,73,3,2,1,55,47,58,62,61,68,41,69,53,64,58,37,63,58,64,73,58,52,51,60
256476,70,85,3,3,1,83,68,59,75,26,52,70,69,36,45,60,63,70,62,53,58,21,58,63,23
226789,78,82,4,4,2,75,71,75,81,68,73,75,78,66,71,75,65,70,70,80,72,66,79,73,65
209781,74,74,4,3,2,67,72,74,73,69,70,69,74,76,73,74,65,73,69,77,66,73,71,65,69
211381,76,76,4,4,2,79,68,74,81,30,52,66,77,64,68,63,85,70,41,53,55,23,77,73,18
212947,75,75,3,3,1,91,67,64,78,47,59,70,69,51,61,69,92,65,69,85,55,48,57,68,45
257975,66,78,3,3,1,79,60,62,70,29,60,58,64,64,54,50,64,69,58,55,73,22,60,51,19
