,player_id,nom,club,fifa_index,club_id,sofifa_id,DEF_overall,DEF_potential,DEF_pace,DEF_shooting,DEF_passing,DEF_dribbling,DEF_defending,DEF_physic,DEF_attacking_crossing,DEF_attacking_heading_accuracy,DEF_skill_curve,DEF_skill_fk_accuracy,DEF_movement_agility,DEF_movement_reactions,DEF_movement_balance,DEF_power_shot_power,DEF_power_jumping,DEF_power_stamina,DEF_mentality_aggression,DEF_mentality_positioning,DEF_mentality_penalties,DEF_mentality_composure
0,3,Abdoulaye Bamba,Angers,2568,1,199313,73,73,78.0,41.0,65.0,65.0,70.0,72.0,68,65,58,49,76,68,65,50,77,77,65,59,38,61
1,4,Kevin Boma,Angers,16281,1,258457,59,77,50.0,31.0,43.0,44.0,61.0,58.0,38,61,30,28,41,51,47,41,64,53,58,34,39,49
2,5,Elhadji Pape Diaw,Angers,-1,1,-1,0,0,0.0,0.0,0.0,0.0,0.0,0.0,0,0,0,0,0,0,0,0,0,0,0,0,0,0
3,6,Souleyman Doumbia,Angers,2956,1,236454,73,78,86.0,43.0,62.0,70.0,68.0,69.0,69,61,58,35,69,65,84,59,71,75,64,59,39,63
4,7,Ismael Drame,Angers,-1,1,-1,0,0,0.0,0.0,0.0,0.0,0.0,0.0,0,0,0,0,0,0,0,0,0,0,0,0,0,0
5,8,Enzo Ebosse,Angers,10554,1,241007,65,74,68.0,35.0,54.0,61.0,62.0,68.0,63,60,40,31,49,53,63,45,74,69,58,50,41,50
6,9,Vincent Manceau,Angers,2021,1,189946,74,74,45.0,47.0,70.0,73.0,75.0,72.0,74,72,54,44,69,75,77,60,82,78,72,53,58,75
7,10,Batista Mendy,Angers,10640,1,244114,65,78,60.0,40.0,57.0,51.0,66.0,72.0,55,64,38,40,34,57,50,51,70,55,62,33,38,56
8,11,Blondon Meyapya,Angers,-1,1,-1,0,0,0.0,0.0,0.0,0.0,0.0,0.0,0,0,0,0,0,0,0,0,0,0,0,0,0,0
9,12,Romain Thomas,Angers,1171,1,184190,76,76,35.0,33.0,54.0,48.0,78.0,73.0,42,79,39,34,44,71,46,64,69,48,76,28,55,73
10,13,Ismael Traore,Angers,1520,1,184873,75,75,40.0,39.0,58.0,50.0,75.0,86.0,43,79,48,58,61,70,57,45,77,78,79,35,49,70
11,40,Nayef Aguerd,Rennes ,1445,2,244749,76,80,60.0,45.0,60.0,61.0,76.0,77.0,43,79,43,41,59,74,56,62,86,78,76,42,48,65
12,41,Lorenz Assignon,Rennes ,14242,2,260574,62,76,77.0,38.0,52.0,60.0,59.0,57.0,55,53,53,41,74,55,76,58,64,59,57,52,48,53
13,42,Loic Bade,Rennes ,2421,2,255106,74,82,60.0,29.0,54.0,62.0,75.0,77.0,31,72,35,23,52,65,45,42,75,68,70,33,33,73
14,43,Jeremy Gelin,Rennes ,4319,2,231263,71,77,52.0,36.0,66.0,61.0,72.0,70.0,60,68,52,33,51,64,59,52,73,69,65,26,48,71
15,44,Birger Meling,Rennes ,1727,2,219466,75,77,84.0,52.0,68.0,75.0,68.0,67.0,74,42,63,55,87,72,87,51,86,90,80,70,39,72
16,45,Warmed Omari,Rennes ,14109,2,256854,62,73,55.0,33.0,46.0,50.0,61.0,67.0,36,67,38,32,47,56,54,52,72,60,59,34,41,55
17,46,Hamari Traore,Rennes ,599,2,219789,79,79,85.0,54.0,72.0,76.0,73.0,77.0,79,71,71,38,74,74,81,68,86,90,75,71,47,72
18,47,Adrien Truffert,Rennes ,1961,2,256769,75,83,74.0,55.0,70.0,73.0,71.0,69.0,74,59,66,53,74,71,77,63,71,77,67,70,54,68
19,71,Benrandy Abdallah,Troyes ,-1,3,-1,0,0,0.0,0.0,0.0,0.0,0.0,0.0,0,0,0,0,0,0,0,0,0,0,0,0,0,0
20,72,Enzo Alfatahi,Troyes ,-1,3,-1,0,0,0.0,0.0,0.0,0.0,0.0,0.0,0,0,0,0,0,0,0,0,0,0,0,0,0,0
21,73,Giulian Biancone,Troyes ,7274,3,246679,68,78,72.0,47.0,59.0,66.0,61.0,74.0,72,57,66,38,55,60,57,69,59,77,68,62,47,66
22,74,Oualid El-Hajjam,Troyes ,3661,3,234514,72,72,70.0,46.0,65.0,68.0,73.0,74.0,65,68,69,34,65,69,67,59,62,82,71,63,33,69
23,75,Jimmy Giraudon,Troyes ,4824,3,208862,70,70,53.0,36.0,58.0,58.0,71.0,72.0,49,72,46,33,59,62,42,54,73,76,72,39,40,61
24,76,Issa Kabore,Troyes ,7340,3,253052,68,82,91.0,27.0,58.0,64.0,58.0,70.0,68,55,31,29,83,63,73,42,84,73,75,38,24,53
25,77,Ruddy Kohon,Troyes ,-1,3,-1,0,0,0.0,0.0,0.0,0.0,0.0,0.0,0,0,0,0,0,0,0,0,0,0,0,0,0,0
26,78,Youssouf Kone,Troyes ,4960,3,222160,70,73,77.0,46.0,63.0,71.0,67.0,70.0,71,57,65,42,73,64,80,56,70,64,76,60,46,69
27,79,Yasser Larouci,Troyes ,14824,3,252302,61,77,75.0,47.0,52.0,62.0,56.0,57.0,57,48,50,38,65,56,69,52,70,60,53,52,44,59
28,80,Gabriel Mutombo Kupa,Troyes ,12502,3,222209,63,67,36.0,26.0,45.0,41.0,63.0,73.0,31,63,30,38,31,55,52,37,49,62,70,21,37,48
29,81,Erik Palmer-Brown,Troyes ,5827,3,219461,69,77,67.0,30.0,50.0,51.0,68.0,75.0,47,64,43,36,63,65,50,48,81,52,72,38,39,52
30,82,Adil Rami,Troyes ,3139,3,183280,72,72,46.0,48.0,53.0,58.0,71.0,77.0,36,71,43,55,50,70,53,70,70,56,77,24,48,73
31,83,Yoann Salmier,Troyes ,3673,3,235553,72,73,43.0,28.0,45.0,53.0,72.0,80.0,22,74,28,23,44,65,46,62,73,73,71,29,33,62
32,84,Philipp Sandler,Troyes ,6053,3,234679,69,77,63.0,39.0,62.0,68.0,70.0,66.0,32,68,62,70,60,62,52,63,69,53,66,40,46,73
33,85,Tanguy Zoukrou,Troyes ,-1,3,-1,0,0,0.0,0.0,0.0,0.0,0.0,0.0,0,0,0,0,0,0,0,0,0,0,0,0,0,0
34,111,Anthony Caci,Strasbourg,2337,4,236636,74,80,72.0,52.0,67.0,68.0,72.0,72.0,72,72,60,48,70,73,62,59,74,74,62,62,52,68
35,112,Alexander Djiku,Strasbourg,1282,4,212219,76,79,71.0,42.0,66.0,69.0,75.0,81.0,64,73,57,43,68,72,64,58,83,81,78,55,43,74
36,113,Marvin Elimbi Gilbert,Strasbourg,16432,4,263114,59,78,62.0,32.0,37.0,41.0,62.0,58.0,36,59,26,32,48,46,56,44,72,57,56,32,39,45
37,114,Karol Fila,Strasbourg,8245,4,239635,67,72,81.0,47.0,60.0,61.0,61.0,68.0,62,51,60,39,74,60,67,49,55,75,58,56,48,48
38,115,Frederic Guilbert,Strasbourg,1351,4,227222,76,79,74.0,48.0,67.0,68.0,74.0,78.0,75,72,58,42,64,70,73,68,82,78,78,63,44,71
39,116,Maxime Le Marchand,Strasbourg,3202,4,192725,72,72,64.0,39.0,67.0,66.0,72.0,71.0,70,73,42,40,63,69,63,56,77,63,71,27,42,74
40,117,Gerzino Nyamsi,Strasbourg,5224,4,239575,70,75,49.0,33.0,48.0,51.0,67.0,78.0,32,69,40,29,50,62,39,61,73,54,77,29,43,58
41,118,Abdoulaye Ousmane,Strasbourg,-1,4,-1,0,0,0.0,0.0,0.0,0.0,0.0,0.0,0,0,0,0,0,0,0,0,0,0,0,0,0,0
42,119,Lucas Perrin,Strasbourg,6209,4,243449,69,74,47.0,35.0,49.0,54.0,71.0,69.0,38,74,28,30,46,65,53,59,71,67,59,23,52,61
43,145,Abdoulaye Bakayoko,Saint-Étienne (ASSE) ,-1,5,-1,0,0,0.0,0.0,0.0,0.0,0.0,0.0,0,0,0,0,0,0,0,0,0,0,0,0,0,0
44,146,Lucas Calodat,Saint-Étienne (ASSE) ,-1,5,-1,0,0,0.0,0.0,0.0,0.0,0.0,0.0,0,0,0,0,0,0,0,0,0,0,0,0,0,0
45,147,Joris Gnagnon,Saint-Étienne (ASSE) ,2287,5,231361,74,79,50.0,39.0,56.0,60.0,74.0,79.0,45,73,39,38,37,68,46,67,78,60,75,44,52,72
46,148,Timothee Kolodziejczak,Saint-Étienne (ASSE) ,2510,5,190034,73,74,67.0,37.0,68.0,60.0,73.0,77.0,73,70,59,34,65,70,50,47,82,72,74,62,49,65
47,149,Steven Leleux,Saint-Étienne (ASSE) ,-1,5,-1,0,0,0.0,0.0,0.0,0.0,0.0,0.0,0,0,0,0,0,0,0,0,0,0,0,0,0,0
48,150,Yvann Macon,Saint-Étienne (ASSE) ,3079,5,255523,73,79,86.0,50.0,62.0,72.0,67.0,69.0,68,61,63,41,74,69,72,67,61,76,70,64,45,68
49,151,Harold Moukoudi,Saint-Étienne (ASSE) ,1806,5,228732,75,80,53.0,32.0,51.0,49.0,75.0,80.0,23,76,30,29,39,72,36,45,56,71,74,39,38,70
50,152,Mickael Nade,Saint-Étienne (ASSE) ,9365,5,238749,66,75,36.0,30.0,34.0,51.0,67.0,76.0,34,64,35,28,47,63,66,39,69,52,70,38,39,62
51,153,Bryan Nokoue,Saint-Étienne (ASSE) ,13348,5,264050,63,76,73.0,42.0,50.0,58.0,58.0,67.0,56,58,46,39,59,59,68,44,62,72,63,44,43,57
52,154,Gabriel Silva,Saint-Étienne (ASSE) ,3229,5,197688,72,72,67.0,59.0,71.0,70.0,69.0,67.0,75,58,73,58,74,72,72,70,72,70,70,69,57,68
53,155,Nelson Alpha Sissoko,Saint-Étienne (ASSE) ,8278,5,241445,67,72,75.0,33.0,56.0,59.0,64.0,63.0,68,61,45,31,60,61,75,37,56,65,71,48,37,62
54,156,Saidou Sow,Saint-Étienne (ASSE) ,6375,5,259119,69,81,63.0,41.0,54.0,60.0,69.0,66.0,43,70,52,27,47,67,55,49,72,50,64,42,44,67
55,157,Miguel Trauco,Saint-Étienne (ASSE) ,2215,5,225706,74,74,69.0,52.0,74.0,75.0,69.0,72.0,76,51,75,64,69,71,73,71,69,78,79,70,49,74
56,158,Marvin Tshibuabua,Saint-Étienne (ASSE) ,-1,5,-1,0,0,0.0,0.0,0.0,0.0,0.0,0.0,0,0,0,0,0,0,0,0,0,0,0,0,0,0
57,164,Yunis Abdelhamid,Reims ,948,6,206493,77,77,33.0,33.0,56.0,65.0,78.0,83.0,28,76,57,31,33,74,44,58,83,79,81,38,42,73
58,165,Maxime Busi,Reims ,6237,6,245084,69,75,73.0,49.0,59.0,71.0,63.0,68.0,67,62,51,37,73,66,68,49,73,74,66,61,46,58
59,166,Ibrahim Diakite,Reims ,-1,6,-1,0,0,0.0,0.0,0.0,0.0,0.0,0.0,0,0,0,0,0,0,0,0,0,0,0,0,0,0
60,167,Fode Doucoure,Reims ,9697,6,257406,66,77,79.0,37.0,56.0,65.0,61.0,56.0,59,52,54,45,85,56,85,58,66,65,56,51,47,47
61,168,Wout Faes,Reims ,2935,6,235036,73,80,55.0,37.0,54.0,57.0,73.0,75.0,32,73,41,35,42,69,58,60,70,70,74,39,42,69
62,169,Thomas Foket,Reims ,1265,6,208509,76,78,75.0,57.0,69.0,72.0,73.0,77.0,74,56,70,57,73,70,72,67,86,90,72,68,49,69
63,170,Andreaw Gravillon,Reims ,3709,6,239550,72,77,62.0,42.0,48.0,55.0,72.0,75.0,41,72,36,36,55,68,49,59,78,57,70,24,42,65
64,171,Ghislain Konan,Reims ,1878,6,235634,75,78,79.0,48.0,68.0,75.0,70.0,71.0,72,60,73,32,75,73,74,57,70,82,68,67,41,74
65,172,Bradley Locko,Reims ,15911,6,263908,60,75,61.0,36.0,43.0,59.0,59.0,52.0,58,55,43,42,59,54,70,32,63,62,54,53,44,42
66,173,Moustapha Mbow,Reims ,16135,6,247248,59,74,61.0,29.0,34.0,38.0,58.0,66.0,23,68,38,32,38,52,44,52,72,52,52,24,42,45
67,174,Enzo Valentim,Reims ,-1,6,-1,0,0,0.0,0.0,0.0,0.0,0.0,0.0,0,0,0,0,0,0,0,0,0,0,0,0,0,0
68,175,Anthony Weber,Reims ,-1,6,-1,0,0,0.0,0.0,0.0,0.0,0.0,0.0,0,0,0,0,0,0,0,0,0,0,0,0,0,0
69,225,Juan Bernat,Paris-SG(PSG),232,7,205069,82,82,82.0,65.0,78.0,82.0,76.0,68.0,83,56,78,51,86,81,88,67,75,79,75,78,53,78
70,226,El Chadaille Bitshiabu,Paris-SG(PSG),-1,7,-1,0,0,0.0,0.0,0.0,0.0,0.0,0.0,0,0,0,0,0,0,0,0,0,0,0,0,0,0
71,227,Colin Dagba,Paris-SG(PSG),1427,7,241497,76,80,82.0,53.0,70.0,77.0,72.0,61.0,72,54,63,41,83,69,86,68,67,70,68,69,45,70
72,228,Abdou Diallo,Paris-SG(PSG),794,7,225711,78,82,74.0,39.0,71.0,76.0,78.0,77.0,69,78,58,32,73,77,71,51,84,74,77,61,41,81
73,229,Achraf Hakimi,Paris-SG(PSG),95,7,235212,85,88,95.0,71.0,78.0,83.0,76.0,78.0,86,68,68,55,86,84,79,77,80,91,75,78,46,80
74,230,Thilo Kehrer,Paris-SG(PSG),1346,7,226229,76,81,68.0,44.0,65.0,66.0,77.0,78.0,64,76,54,38,68,69,64,65,84,74,76,53,41,69
75,231,Presnel Kimpembe,Paris-SG(PSG),186,7,225850,83,87,81.0,42.0,68.0,70.0,83.0,86.0,59,80,50,32,69,80,60,70,79,81,90,47,57,80
76,232,Layvin Kurzawa,Paris-SG(PSG),1220,7,201510,76,76,74.0,65.0,72.0,76.0,73.0,72.0,75,72,69,53,72,69,70,69,85,72,75,74,54,74
77,233,Marquinhos,Paris-SG(PSG),39,7,207865,87,90,81.0,53.0,75.0,74.0,89.0,81.0,68,88,58,32,69,87,67,65,92,83,81,68,52,86
78,234,Nuno Mendes,Paris-SG(PSG),861,7,252145,78,88,85.0,57.0,68.0,74.0,74.0,72.0,74,67,66,59,82,76,76,80,71,81,67,72,45,75
79,235,Sergio Ramos,Paris-SG(PSG),22,7,155862,88,88,70.0,70.0,76.0,74.0,88.0,84.0,66,92,74,76,77,92,66,79,93,78,90,73,92,88
80,245,Jordan Amavi,Nice,993,8,219681,77,78,76.0,65.0,70.0,74.0,75.0,76.0,74,71,69,49,73,74,75,72,83,81,74,71,65,71
81,246,Youcef Atal,Nice,1424,8,240754,76,80,90.0,68.0,71.0,79.0,70.0,69.0,74,61,74,54,81,73,81,69,72,71,78,74,59,77
82,247,Robson Bambu,Nice,-1,8,-1,0,0,0.0,0.0,0.0,0.0,0.0,0.0,0,0,0,0,0,0,0,0,0,0,0,0,0,0
83,248,Melvin Bard,Nice,3802,8,254548,72,82,78.0,48.0,63.0,73.0,67.0,70.0,72,52,65,33,76,68,81,63,67,71,72,61,45,66
84,249,Noah Cretier,Nice,-1,8,-1,0,0,0.0,0.0,0.0,0.0,0.0,0.0,0,0,0,0,0,0,0,0,0,0,0,0,0,0
85,250,Flavius Daniliuc,Nice,3068,8,252017,73,81,60.0,42.0,61.0,61.0,73.0,74.0,51,77,51,30,48,71,50,56,63,66,71,49,31,72
86,251,Dante,Nice,1147,8,158625,76,76,32.0,51.0,67.0,64.0,78.0,76.0,58,78,51,55,48,72,60,62,67,61,74,41,57,77
87,252,Jordan Mvula Lotomba,Nice,2313,8,234686,74,79,78.0,48.0,65.0,71.0,71.0,65.0,69,59,58,39,75,69,75,58,76,74,54,58,50,61
88,253,Antoine Mendy,Nice,-1,8,-1,0,0,0.0,0.0,0.0,0.0,0.0,0.0,0,0,0,0,0,0,0,0,0,0,0,0,0,0
89,254,Theo Pionnier-Bertrand,Nice,-1,8,-1,0,0,0.0,0.0,0.0,0.0,0.0,0.0,0,0,0,0,0,0,0,0,0,0,0,0,0,0
90,255,Jean-Clair Todibo,Nice,1449,8,245388,76,84,76.0,44.0,61.0,64.0,77.0,76.0,46,74,47,41,52,70,55,57,77,69,72,41,46,74
91,292,Dennis Appiah,Nantes,3966,9,199191,71,71,75.0,39.0,59.0,63.0,69.0,75.0,61,58,60,44,76,65,71,51,82,89,72,51,47,64
92,293,Jean-Charles Castelletto,Nantes,2701,9,213868,73,75,73.0,30.0,52.0,62.0,74.0,76.0,47,75,49,23,68,68,49,50,88,79,77,56,36,62
93,294,Sebastien Corchia,Nantes,2529,9,191210,73,73,72.0,62.0,71.0,71.0,72.0,62.0,72,54,78,75,70,71,74,72,70,65,70,71,52,63
94,295,Da Silva Fabio,Nantes,3180,9,189680,72,72,75.0,54.0,69.0,73.0,70.0,67.0,70,59,57,60,77,71,83,72,76,63,81,68,60,73
95,296,Andrei Girotto,Nantes,1795,9,226515,75,75,55.0,65.0,66.0,67.0,77.0,73.0,65,77,63,43,64,74,54,77,75,72,81,59,55,66
96,297,Nicolas Pallois,Nantes,1205,9,199393,76,76,41.0,53.0,60.0,59.0,76.0,85.0,59,75,36,41,52,67,34,78,79,67,89,22,45,73
97,298,Abdoulaye Sylla,Nantes,16246,9,256743,59,69,58.0,31.0,46.0,40.0,61.0,61.0,59,58,32,29,42,53,54,42,68,66,46,25,47,40
98,299,Charles Traore,Nantes,5100,9,231098,70,70,70.0,33.0,54.0,64.0,69.0,77.0,60,63,37,40,67,57,62,45,84,85,74,51,45,51
99,300,Molla Wague,Nantes,5682,9,205243,69,69,35.0,33.0,42.0,44.0,68.0,82.0,36,69,30,29,38,69,39,44,84,70,70,29,34,68
100,326,Sofiane Alakouch,Metz,2919,10,233767,73,78,73.0,45.0,67.0,72.0,70.0,65.0,71,53,63,33,82,68,81,63,45,80,63,61,43,69
101,327,Ernest Boahene,Metz,-1,10,-1,0,0,0.0,0.0,0.0,0.0,0.0,0.0,0,0,0,0,0,0,0,0,0,0,0,0,0,0
102,328,Dylan Bronn,Metz,1877,10,235565,75,78,66.0,61.0,67.0,65.0,76.0,76.0,65,73,63,53,63,73,61,74,75,73,75,56,63,71
103,329,Manuel Cabit,Metz,13707,10,235548,62,62,67.0,38.0,58.0,61.0,62.0,58.0,60,60,49,37,63,59,65,40,75,46,54,51,40,59
104,330,Fabien Centonze,Metz,1035,10,229971,77,80,81.0,51.0,70.0,72.0,70.0,79.0,76,61,65,47,71,71,73,64,75,93,73,72,50,71
105,331,Thomas Delaine,Metz,1230,10,203741,76,76,85.0,51.0,72.0,74.0,67.0,75.0,76,64,68,45,79,73,66,62,65,84,75,74,45,67
106,332,Jemerson,Metz,-1,10,-1,0,0,0.0,0.0,0.0,0.0,0.0,0.0,0,0,0,0,0,0,0,0,0,0,0,0,0,0
107,333,Jean-Armel Kana-Biyik,Metz,-1,10,-1,0,0,0.0,0.0,0.0,0.0,0.0,0.0,0,0,0,0,0,0,0,0,0,0,0,0,0,0
108,334,Boubacar Kouyate,Metz,3049,10,247019,73,79,62.0,37.0,50.0,58.0,73.0,77.0,46,82,44,28,61,63,42,67,89,71,70,30,34,59
109,335,Lenny Lacroix,Metz,15611,10,255932,60,77,55.0,31.0,42.0,38.0,62.0,58.0,27,63,35,26,39,48,68,42,75,51,49,28,39,50
110,336,William Mikelbrencis,Metz,17709,10,262045,56,76,58.0,32.0,43.0,54.0,55.0,48.0,51,50,39,33,59,53,79,29,65,55,58,47,44,43
111,337,Sikou Niakate,Metz,9415,10,240453,66,75,68.0,28.0,44.0,61.0,65.0,78.0,43,66,28,25,59,58,69,35,81,80,71,32,40,56
112,338,Matthieu Udol,Metz,5051,10,229236,70,74,69.0,42.0,62.0,69.0,69.0,69.0,66,71,47,50,71,66,74,44,67,65,78,54,45,65
113,348,Ruben Aguilar,Monaco ,610,11,223597,79,79,79.0,53.0,72.0,76.0,74.0,77.0,78,60,62,33,80,77,78,70,81,92,83,70,38,72
114,349,Benoit Badiashile,Monaco ,1434,11,242578,76,84,62.0,39.0,63.0,58.0,77.0,76.0,36,78,44,34,34,74,37,70,79,66,68,44,46,73
115,350,Axel Disasi,Monaco ,1034,11,229942,77,82,52.0,28.0,53.0,57.0,77.0,83.0,25,76,34,27,34,73,35,54,72,70,77,23,36,70
116,351,Fouad El Maach,Monaco ,-1,11,-1,0,0,0.0,0.0,0.0,0.0,0.0,0.0,0,0,0,0,0,0,0,0,0,0,0,0,0,0
117,352,Jean Harisson Marcelin,Monaco ,4477,11,242603,71,79,62.0,35.0,49.0,52.0,71.0,75.0,24,69,28,32,46,68,37,59,68,62,69,27,35,65
118,353,Guillermo Maripan,Monaco ,990,11,219145,77,79,34.0,41.0,54.0,51.0,78.0,80.0,41,79,29,27,31,75,32,58,68,59,80,40,30,71
119,354,Chrislain Matsima,Monaco ,6366,11,258432,69,81,55.0,34.0,48.0,55.0,69.0,71.0,31,75,31,23,45,64,34,54,73,54,69,41,43,70
120,355,Yllan Okou,Monaco ,-1,11,-1,0,0,0.0,0.0,0.0,0.0,0.0,0.0,0,0,0,0,0,0,0,0,0,0,0,0,0,0
121,356,Strahinja Pavlovic,Monaco ,6336,11,254840,69,80,62.0,43.0,50.0,62.0,68.0,75.0,53,71,24,38,45,66,38,56,62,63,72,34,43,68
122,357,Aurelien Platret,Monaco ,-1,11,-1,0,0,0.0,0.0,0.0,0.0,0.0,0.0,0,0,0,0,0,0,0,0,0,0,0,0,0,0
123,358,Djibril Sidibe,Monaco ,725,11,201042,78,78,74.0,62.0,74.0,74.0,74.0,79.0,78,69,78,70,70,76,69,69,81,86,76,73,43,73
124,359,Louis Torres,Monaco ,-1,11,-1,0,0,0.0,0.0,0.0,0.0,0.0,0.0,0,0,0,0,0,0,0,0,0,0,0,0,0,0
125,360,Vanderson,Monaco ,12069,11,258014,64,75,78.0,63.0,58.0,68.0,27.0,64.0,60,61,63,57,80,57,70,62,88,51,55,62,61,69
126,398,Jerome Boateng,Lyon(OL),146,12,183907,83,83,72.0,50.0,73.0,67.0,84.0,79.0,69,83,53,31,55,85,52,78,74,60,83,47,46,84
127,399,Damien Da Silva,Lyon(OL),880,12,179789,77,77,50.0,37.0,59.0,55.0,78.0,78.0,49,80,38,31,55,72,59,57,81,73,81,39,43,73
128,400,Jason Denayer,Lyon(OL),460,12,220182,80,83,83.0,43.0,67.0,71.0,81.0,81.0,58,77,52,29,69,80,62,57,82,81,76,36,39,79
129,401,Heritier Deyonge,Lyon(OL),-1,12,-1,0,0,0.0,0.0,0.0,0.0,0.0,0.0,0,0,0,0,0,0,0,0,0,0,0,0,0,0
130,402,Sinaly Diomande,Lyon(OL),3811,12,257204,72,81,63.0,46.0,60.0,60.0,71.0,74.0,49,75,52,53,51,69,58,68,91,67,70,39,45,72
131,403,Leo Dubois,Lyon(OL),772,12,216643,78,79,72.0,59.0,75.0,73.0,76.0,74.0,79,60,76,56,67,78,66,72,73,80,70,72,46,78
132,404,Emerson,Lyon(OL),751,12,210736,78,79,80.0,63.0,70.0,78.0,75.0,63.0,78,60,53,71,75,75,76,80,67,70,69,72,55,72
133,405,Nicolas Fontaine,Lyon(OL),-1,12,-1,0,0,0.0,0.0,0.0,0.0,0.0,0.0,0,0,0,0,0,0,0,0,0,0,0,0,0,0
134,406,Malo Gusto,Lyon(OL),9728,12,259307,66,80,78.0,49.0,60.0,65.0,59.0,66.0,64,50,58,36,69,62,67,60,69,68,64,57,45,66
135,407,Henrique,Lyon(OL),4153,12,217821,71,72,76.0,45.0,61.0,70.0,68.0,65.0,61,54,34,37,73,68,78,58,60,73,69,53,39,67
136,408,Castello Lukeba,Lyon(OL),11006,12,262138,65,80,66.0,35.0,52.0,56.0,64.0,65.0,43,65,48,26,57,63,61,47,76,56,65,42,39,66
137,409,Abdoulaye Niakate Ndiaye,Lyon(OL),-1,12,-1,0,0,0.0,0.0,0.0,0.0,0.0,0.0,0,0,0,0,0,0,0,0,0,0,0,0,0,0
138,410,Hugo Vogel,Lyon(OL),-1,12,-1,0,0,0.0,0.0,0.0,0.0,0.0,0.0,0,0,0,0,0,0,0,0,0,0,0,0,0,0
139,437,Leonardo Balerdi,Marseille(OM),2380,13,242835,74,82,71.0,36.0,57.0,64.0,75.0,75.0,42,77,39,30,66,68,57,55,74,69,74,33,47,64
140,438,Duje Caleta-Car,Marseille(OM),791,13,225263,78,83,59.0,39.0,60.0,62.0,79.0,82.0,28,77,28,31,46,76,58,67,83,77,78,54,38,81
141,439,Amay Caprice,Marseille(OM),-1,13,-1,0,0,0.0,0.0,0.0,0.0,0.0,0.0,0,0,0,0,0,0,0,0,0,0,0,0,0,0
142,440,Alvaro Gonzalez,Marseille(OM),562,13,202935,79,79,64.0,33.0,59.0,58.0,80.0,82.0,51,75,47,45,64,76,71,65,90,76,88,45,36,67
143,441,Joakim Kada,Marseille(OM),-1,13,-1,0,0,0.0,0.0,0.0,0.0,0.0,0.0,0,0,0,0,0,0,0,0,0,0,0,0,0,0
144,442,Aaron Nassur Kamardin,Marseille(OM),14901,13,256801,61,74,55.0,29.0,41.0,43.0,63.0,60.0,32,69,30,29,48,55,60,50,74,60,55,29,39,54
145,443,Pol Lirola,Marseille(OM),1404,13,235875,76,79,77.0,57.0,70.0,75.0,71.0,70.0,78,62,72,30,70,72,74,58,68,78,70,66,30,70
146,444,Luan Peres,Marseille(OM),3665,13,234791,72,75,71.0,34.0,59.0,64.0,74.0,70.0,66,73,43,37,64,66,64,47,77,66,57,35,52,56
147,445,William Saliba,Marseille(OM),1931,13,243715,75,84,70.0,33.0,62.0,66.0,76.0,77.0,48,69,55,35,51,71,58,57,77,73,69,43,47,75
148,474,Saad Agouzoul,Lille,8465,14,251751,67,74,55.0,38.0,53.0,52.0,67.0,67.0,42,68,49,34,41,65,48,46,68,52,64,41,44,68
149,475,Sven Botman,Lille,660,14,251809,79,85,60.0,36.0,59.0,61.0,80.0,84.0,43,81,47,28,59,75,41,65,78,82,79,38,37,74
150,476,Ismail Bouleghcha,Lille,-1,14,-1,0,0,0.0,0.0,0.0,0.0,0.0,0.0,0,0,0,0,0,0,0,0,0,0,0,0,0,0
151,477,Domagoj Bradaric,Lille,1951,14,252000,75,81,79.0,55.0,68.0,75.0,70.0,68.0,74,62,63,38,76,72,74,59,62,77,71,70,43,69
152,478,Mehmet Zeki Celik,Lille,613,14,224490,79,82,79.0,58.0,71.0,72.0,75.0,79.0,75,65,72,39,67,75,67,63,68,87,75,73,46,70
153,479,Kouadio-Yves Dabila,Lille,8237,14,239363,67,73,54.0,31.0,47.0,54.0,69.0,67.0,33,65,38,31,43,60,65,48,69,61,67,27,41,62
154,480,Tiago Djalo,Lille,2412,14,252339,74,82,83.0,42.0,60.0,64.0,74.0,77.0,54,68,49,32,69,72,49,57,69,65,74,48,47,69
155,481,Jose Fonte,Lille,292,14,171791,81,81,32.0,46.0,62.0,63.0,83.0,77.0,47,85,51,32,43,83,51,60,74,57,83,48,43,79
156,482,Nassim Innocenti,Lille,-1,14,-1,0,0,0.0,0.0,0.0,0.0,0.0,0.0,0,0,0,0,0,0,0,0,0,0,0,0,0,0
157,483,Reinildo Mandava,Lille,829,14,236045,78,79,77.0,54.0,65.0,73.0,76.0,78.0,71,74,67,35,70,75,71,58,77,82,79,70,40,69
158,484,Jeremy Pied,Lille,3144,14,183916,72,72,59.0,64.0,72.0,72.0,72.0,66.0,72,69,73,69,66,68,77,77,68,61,73,69,55,69
159,496,Jonathan Clauss,Lens,1098,15,239093,77,77,85.0,66.0,70.0,76.0,67.0,71.0,78,58,66,54,84,75,71,75,64,89,67,72,42,68
160,497,Kevin Danso,Lens,2979,15,237985,73,79,78.0,32.0,45.0,56.0,72.0,76.0,39,78,35,31,59,66,51,49,81,56,79,33,42,65
161,498,Jonathan Gradit,Lens,1745,15,221284,75,76,71.0,29.0,60.0,67.0,75.0,82.0,63,68,37,28,66,75,67,48,91,91,78,48,36,69
162,499,Massadio Haidara,Lens,2593,15,201955,73,73,77.0,51.0,62.0,70.0,68.0,78.0,68,62,52,58,70,69,73,79,81,82,74,56,55,70
163,500,Oumar Kamara,Lens,-1,15,-1,0,0,0.0,0.0,0.0,0.0,0.0,0.0,0,0,0,0,0,0,0,0,0,0,0,0,0,0
164,501,Deiver Machado,Lens,4186,15,220837,71,71,86.0,56.0,63.0,71.0,65.0,70.0,70,63,40,32,77,62,80,57,82,76,67,60,57,58
165,502,Facundo Medina,Lens,1886,15,236804,75,80,78.0,33.0,60.0,68.0,76.0,75.0,57,69,37,32,64,74,69,27,71,70,75,63,44,71
166,503,Malcom Musquet,Lens,-1,15,-1,0,0,0.0,0.0,0.0,0.0,0.0,0.0,0,0,0,0,0,0,0,0,0,0,0,0,0,0
167,504,Brayann Pereira,Lens,-1,15,-1,0,0,0.0,0.0,0.0,0.0,0.0,0.0,0,0,0,0,0,0,0,0,0,0,0,0,0,0
168,505,Cheikh Cory Sene,Lens,-1,15,-1,0,0,0.0,0.0,0.0,0.0,0.0,0.0,0,0,0,0,0,0,0,0,0,0,0,0,0,0
169,506,Christopher Maurice Wooh,Lens,10991,15,260658,65,80,72.0,38.0,51.0,59.0,63.0,73.0,53,69,52,29,56,59,47,60,73,68,63,44,35,63
170,544,Josue Albert,Clermont,14608,16,239051,61,62,51.0,26.0,38.0,42.0,61.0,70.0,23,60,30,29,52,51,48,42,82,56,48,24,37,57
171,545,Jean-Claude Billong,Clermont,8292,16,241999,67,69,51.0,34.0,46.0,46.0,67.0,77.0,39,64,32,32,40,62,36,54,71,65,70,28,53,59
172,546,Julien Boyer,Clermont,15467,16,247533,60,65,65.0,33.0,47.0,56.0,56.0,57.0,53,44,48,38,51,57,71,40,63,63,47,45,39,43
173,547,Cedric Hountondji,Clermont,3436,16,219680,72,74,41.0,33.0,52.0,56.0,73.0,72.0,47,70,39,35,52,69,32,48,43,56,69,25,45,68
174,548,Oliver Kamdem,Clermont,-1,16,-1,0,0,0.0,0.0,0.0,0.0,0.0,0.0,0,0,0,0,0,0,0,0,0,0,0,0,0,0
175,549,Arial Mendy,Clermont,7238,16,244187,68,71,79.0,34.0,62.0,59.0,62.0,70.0,70,61,54,34,65,59,51,35,71,73,65,54,37,49
176,550,Vital Nsimba,Clermont,-1,16,-1,0,0,0.0,0.0,0.0,0.0,0.0,0.0,0,0,0,0,0,0,0,0,0,0,0,0,0,0
177,551,Florent Ogier,Clermont,3991,16,200968,71,71,41.0,31.0,39.0,52.0,73.0,78.0,23,68,33,34,58,63,63,57,89,87,73,30,44,62
178,552,Jerome Phojo,Clermont,15202,16,209784,60,60,63.0,37.0,57.0,58.0,59.0,51.0,67,48,32,31,64,52,71,34,69,31,58,55,42,52
179,553,Alidu Seidu,Clermont,14138,16,257946,62,70,64.0,28.0,45.0,58.0,63.0,43.0,64,39,28,29,64,59,71,29,68,37,54,49,31,43
180,554,Akim Zedadka,Clermont,2779,16,223139,73,76,83.0,55.0,56.0,74.0,65.0,62.0,75,47,54,47,78,71,78,59,34,81,51,63,57,59
181,575,Esteve,Montpellier,-1,17,-1,0,0,0.0,0.0,0.0,0.0,0.0,0.0,0,0,0,0,0,0,0,0,0,0,0,0,0,0
182,576,Mendes,Montpellier,1215,17,200677,76,76,65.0,38.0,51.0,61.0,77.0,81.0,33,75,48,52,53,70,51,67,77,73,87,32,35,69
183,577,Ristic,Montpellier,2366,17,240223,74,77,76.0,60.0,65.0,73.0,69.0,68.0,72,63,63,32,70,70,61,67,66,79,62,67,46,67
184,578,Souquet,Montpellier,2040,17,193470,74,74,70.0,59.0,70.0,71.0,71.0,70.0,73,66,62,46,69,71,64,73,72,76,70,68,49,72
185,579,Tamas,Montpellier,16210,17,254995,59,74,68.0,37.0,41.0,58.0,58.0,54.0,53,61,53,30,63,49,70,63,66,63,49,34,42,47
186,588,Cozza,Montpellier,3704,17,239136,72,80,77.0,37.0,61.0,66.0,73.0,71.0,59,65,60,36,61,69,74,47,77,69,72,49,50,63
187,589,Halhal,Montpellier,-1,17,-1,0,0,0.0,0.0,0.0,0.0,0.0,0.0,0,0,0,0,0,0,0,0,0,0,0,0,0,0
188,590,Oyongo,Montpellier,2169,17,218540,74,74,85.0,59.0,68.0,73.0,66.0,76.0,69,42,69,64,85,72,75,68,72,87,74,68,59,70
189,591,Sakho,Montpellier,1511,17,183285,75,75,47.0,33.0,64.0,55.0,74.0,79.0,58,73,50,30,51,67,54,51,74,53,87,36,40,71
190,592,Suarez,Montpellier,6258,17,246387,69,73,74.0,43.0,59.0,63.0,65.0,73.0,67,64,44,50,72,59,69,60,72,73,81,53,54,61
191,593,Thuler,Montpellier,6400,17,262908,69,76,65.0,33.0,43.0,51.0,68.0,75.0,29,71,38,27,48,61,53,56,77,68,68,32,45,57
192,604,Doumbouya,Lorient,-1,18,-1,0,0,0.0,0.0,0.0,0.0,0.0,0.0,0,0,0,0,0,0,0,0,0,0,0,0,0,0
193,605,Hergault,Lorient,4207,18,222969,71,71,48.0,44.0,67.0,69.0,69.0,72.0,72,52,69,48,71,68,64,50,37,83,62,56,42,63
194,606,Laporte,Lorient,3530,18,228290,72,74,51.0,27.0,44.0,51.0,72.0,80.0,26,70,28,25,46,65,53,41,87,82,70,29,39,53
195,607,Le Goff,Lorient,2542,18,193148,73,73,71.0,61.0,66.0,71.0,68.0,69.0,71,43,50,47,79,67,75,60,66,86,61,69,43,68
196,608,Mendes,Lorient,7045,18,234856,68,73,76.0,42.0,60.0,62.0,65.0,70.0,65,68,48,39,61,55,59,52,76,66,61,48,42,52
197,609,Mouyokolo,Lorient,13206,18,260159,63,73,59.0,34.0,39.0,46.0,61.0,76.0,30,62,28,31,51,53,39,58,70,64,67,30,47,52
198,610,Silva,Lorient,7192,18,242054,68,73,79.0,51.0,61.0,71.0,63.0,63.0,67,56,64,52,81,60,82,66,65,76,62,65,44,55
199,619,Fontaine,Lorient,7581,18,190530,67,67,66.0,24.0,52.0,39.0,65.0,74.0,60,67,26,29,33,66,64,38,80,64,64,40,45,61
200,620,Jenz,Lorient,9434,18,241494,66,74,64.0,29.0,45.0,46.0,66.0,76.0,33,65,25,22,50,54,55,36,73,70,63,25,27,57
201,621,Le Bris,Lorient,-1,18,-1,0,0,0.0,0.0,0.0,0.0,0.0,0.0,0,0,0,0,0,0,0,0,0,0,0,0,0,0
202,624,Bokele Mputu,Bordeaux,14309,19,262709,62,71,62.0,30.0,36.0,42.0,66.0,59.0,31,64,35,27,49,54,68,47,68,62,56,26,40,58
203,625,Koscielny,Bordeaux,669,19,165229,78,78,54.0,43.0,63.0,65.0,79.0,75.0,52,77,31,49,59,77,60,54,82,63,81,41,51,74
204,626,Mangas,Bordeaux,7158,19,240020,68,77,68.0,36.0,53.0,65.0,67.0,69.0,60,70,50,38,66,63,69,46,72,72,70,59,46,63
205,627,Mensah,Bordeaux,4525,19,247124,71,78,75.0,56.0,64.0,71.0,65.0,65.0,71,62,66,49,71,68,77,65,73,71,77,66,46,63
206,628,Pembele,Bordeaux,-1,19,-1,0,0,0.0,0.0,0.0,0.0,0.0,0.0,0,0,0,0,0,0,0,0,0,0,0,0,0,0
207,640,Baysse,Bordeaux,1980,19,178031,74,74,43.0,45.0,62.0,61.0,74.0,76.0,59,76,56,36,55,73,64,59,69,58,79,48,50,69
208,642,Loric,Lorient,16168,18,252078,59,71,65.0,32.0,42.0,58.0,59.0,52.0,47,44,31,30,64,50,78,25,64,59,56,51,40,44
209,643,Morel,Lorient,3096,18,139860,72,72,50.0,44.0,60.0,57.0,74.0,71.0,56,75,57,50,55,67,77,62,84,60,82,50,53,72
210,644,Petrot,Lorient,14779,18,248559,61,67,60.0,31.0,42.0,50.0,63.0,67.0,56,56,37,38,59,58,55,28,63,62,57,42,44,45
211,651,Gregersen,Bordeaux,4922,19,216730,70,75,75.0,44.0,46.0,45.0,67.0,82.0,35,66,48,38,33,64,46,51,83,72,82,44,45,58
212,652,Kwateng,Bordeaux,3560,19,230074,72,75,63.0,37.0,63.0,69.0,71.0,66.0,70,69,48,31,69,68,63,43,66,70,64,47,37,68
213,653,Medioub,Bordeaux,10959,19,259088,65,73,51.0,30.0,37.0,48.0,65.0,72.0,35,65,26,33,44,48,40,48,70,59,69,23,39,45
214,654,Mexer,Bordeaux,-1,19,-1,0,0,0.0,0.0,0.0,0.0,0.0,0.0,0,0,0,0,0,0,0,0,0,0,0,0,0,0
215,666,Bain,Brest,4061,20,208019,71,73,61.0,26.0,49.0,53.0,72.0,75.0,24,77,40,27,44,62,52,39,92,67,69,21,47,60
216,667,Chardonnet,Brest,2726,20,215410,73,76,55.0,40.0,52.0,57.0,75.0,74.0,45,75,38,35,57,69,70,49,80,68,71,48,69,64
217,668,Faussurier,Brest,3887,20,183921,71,71,57.0,59.0,73.0,70.0,69.0,68.0,76,58,65,49,62,71,75,56,83,73,75,73,62,71
218,669,Pierre-Gabriel,Brest,2904,20,231685,73,78,76.0,48.0,60.0,69.0,71.0,72.0,68,62,60,35,69,69,73,57,89,73,65,58,56,65
219,670,Uronen,Brest,2634,20,207593,73,74,72.0,57.0,69.0,67.0,69.0,75.0,71,59,73,67,72,69,72,75,73,89,72,57,44,68
220,680,Brassier,Brest,6298,20,251380,69,76,68.0,36.0,56.0,64.0,68.0,73.0,54,70,38,40,62,66,56,51,65,70,69,53,45,59
221,681,Duverne,Brest,4280,20,229705,71,76,61.0,35.0,59.0,66.0,72.0,73.0,47,72,46,28,67,65,66,49,79,76,64,53,33,69
222,682,Herelle,Brest,2646,20,208449,73,74,57.0,48.0,61.0,61.0,74.0,73.0,57,78,49,42,58,69,61,59,78,69,76,50,47,69
223,683,Sow,Brest,16471,20,264033,59,68,61.0,29.0,46.0,54.0,59.0,59.0,32,53,39,29,47,51,66,46,65,60,57,36,41,48
